firstimage,mapx,mapy,title,
http://tong.visitkorea.or.kr/cms/resource/74/1998774_image2_1.jpg,128.07417,34.92471152,‘바다여행의 종합 세트’ 사천으로 가자,
http://tong.visitkorea.or.kr/cms/resource/23/1989223_image2_1.jpg,127.4715078,36.64405019,‘직지’의 고장이자 쉼과 여유의 휴양지,
http://tong.visitkorea.or.kr/cms/resource/57/1808157_image2_1.jpg,126.9732511,37.50135617,‘충혼’의 수양벚꽃 마중하는 호젓한 꽃길,
http://tong.visitkorea.or.kr/cms/resource/40/2037140_image2_1.jpg,129.0205714,37.32595353,"“동굴아, 여름을 부탁해”...그늘 찾아 떠나는 삼척여행",
http://tong.visitkorea.or.kr/cms/resource/59/1609959_image2_1.jpg,128.5958764,34.85222337,“해금강이 전부인 줄 알았지?”...거제에서 배우는 역사,
http://tong.visitkorea.or.kr/cms/resource/01/1964001_image2_1.jpg,128.6003708,38.2133149,가도 가도 또 가고 싶은 여행지의 스테디셀러,
http://tong.visitkorea.or.kr/cms/resource/37/853137_image2_1.jpg,127.011915,35.18431947,가사문학의 향을 따라가는 가사문학로드,
http://tong.visitkorea.or.kr/cms/resource/57/882957_image2_1.jpg,128.8731115,35.23234418,가야 유적지의 데이트하기 좋은 곳,
http://tong.visitkorea.or.kr/cms/resource/96/1002896_image2_1.jpg,128.2572188,35.72306654,가야의 고대문화가 잠든 고령 땅을 밟다,
http://tong.visitkorea.or.kr/cms/resource/45/1611245_image2_1.jpg,128.8731115,35.23234418,가야의 자취를 따라 길을 걷다,
http://tong.visitkorea.or.kr/cms/resource/31/893131_image2_1.jpg,128.227459,35.66772226,가야의 잠들어 있는 문명을 만나다,
http://tong.visitkorea.or.kr/cms/resource/63/1611263_image2_1.jpg,128.8772666,35.23490508,,
http://tong.visitkorea.or.kr/cms/resource/17/1589717_image2_1.jpg,127.3584174,37.06536078,,
http://tong.visitkorea.or.kr/cms/resource/70/2382970_image2_1.jpg,127.0494329,37.50710131,,
http://tong.visitkorea.or.kr/cms/resource/71/1593471_image2_1.jpg,126.813915,37.32576537,가족끼리 대부도 나들이,
http://tong.visitkorea.or.kr/cms/resource/24/1573824_image2_1.jpg,128.5189158,35.80078474,가족들 웃음소리 가득 찬 하루,
http://tong.visitkorea.or.kr/cms/resource/06/1689806_image2_1.jpg,126.4892671,35.84048059,,
http://tong.visitkorea.or.kr/cms/resource/61/1985061_image2_1.jpg,127.3519597,37.7416601,"가평에서 만나보는 유럽, 이색체험 여행",
http://tong.visitkorea.or.kr/cms/resource/83/1741183_image2_1.jpg,127.3974373,35.69109097,간판 하나로 유명해진 원촌마을,
http://tong.visitkorea.or.kr/cms/resource/96/2374796_image2_1.jpg,128.5745891,35.17412582,감각적으로 탈바꿈한 마산의 차고지로,
http://tong.visitkorea.or.kr/cms/resource/28/1964628_image2_1.jpg,129.3725756,36.04135962,강과 사람의 이야기가 포항의 물길,
http://tong.visitkorea.or.kr/cms/resource/33/1185433_image2_1.jpg,128.8850778,37.78655887,강릉 경포로 떠나는 누정 시·문학 기행,
http://tong.visitkorea.or.kr/cms/resource/13/1185713_image2_1.jpg,2.01709E+13,4264,,
http://tong.visitkorea.or.kr/cms/resource/06/2363006_image2_1.jpg,128.8776815,37.77876518,강릉의 대표 유적지 오죽헌을 걷다.,
http://tong.visitkorea.or.kr/cms/resource/44/1091644_image2_1.jpg,127.5205088,37.81933194,강변 따라 즐기는 오붓한 가족캠핑,
http://tong.visitkorea.or.kr/cms/resource/60/619060_image2_1.jpg,127.6919327,37.89286545,,
http://tong.visitkorea.or.kr/cms/resource/22/1813522_image2_1.jpg,128.5133247,38.3428009,강원도 고성의 송지호 캠핑장,
http://tong.visitkorea.or.kr/cms/resource/90/483990_image2_1.jpg,128.6070514,37.09648587,,
http://tong.visitkorea.or.kr/cms/resource/70/1955370_image2_1.jpg,129.0466485,37.18029856,강원도 태백시 힐링여행 코스,
http://tong.visitkorea.or.kr/cms/resource/99/657399_image2_1.jpg,129.1293966,37.1837942,,
http://tong.visitkorea.or.kr/cms/resource/39/1756739_image2_1.jpg,129.1591655,37.47726937,,
http://tong.visitkorea.or.kr/cms/resource/65/607765_image2_1.jpg,128.2919115,37.52251412,강원도의 자연과 문학여행,
http://tong.visitkorea.or.kr/cms/resource/48/2372848_image2_1.jpg,126.7462228,34.57904425,"강진, 천재 실학자 다산을 만나러 가는 길",
http://tong.visitkorea.or.kr/cms/resource/38/1577838_image2_1.jpg,126.5320377,37.63186926,강화도 비운의 역사길을 걷다,
http://tong.visitkorea.or.kr/cms/resource/42/1575642_image2_1.jpg,126.4858054,37.74878259,강화도령 첫사랑 길,
http://tong.visitkorea.or.kr/cms/resource/61/1890661_image2_1.jpg,126.2617026,37.78863512,강화도의 애환이 서린 교동도를 밟다,
http://tong.visitkorea.or.kr/cms/resource/00/1830400_image2_1.jpg,128.6430909,34.7770354,거제도를 돌아보는 거제도 학동캠핑장,
http://tong.visitkorea.or.kr/cms/resource/76/2367576_image2_1.jpg,2.01609E+13,12896,,
http://tong.visitkorea.or.kr/cms/resource/68/580168_image2_1.jpg,128.6247344,34.87532409,거제에서만 먹을 수 있는 바다의 맛,
http://tong.visitkorea.or.kr/cms/resource/54/213054_image2_1.jpg,128.6247344,34.87532409,거제와 통영의 절경 속으로,
http://tong.visitkorea.or.kr/cms/resource/40/1999740_image2_1.jpg,128.7020315,34.83358292,거제의 청정하고 푸른 바다와 볼거리,
http://tong.visitkorea.or.kr/cms/resource/21/2037121_image2_1.jpg,126.3720818,34.76625872,겨울 입맛을 돋궈주는 목포 5미,
http://tong.visitkorea.or.kr/cms/resource/70/2048870_image2_1.JPG,127.3114448,37.03124443,,
http://tong.visitkorea.or.kr/cms/resource/70/734370_image2_1.jpg,126.8618741,37.43963912,,
http://tong.visitkorea.or.kr/cms/resource/96/1589096_image2_1.jpg,127.4135593,37.7543292,경기 가평군 얼음 눈꽃코스,
http://tong.visitkorea.or.kr/cms/resource/80/1589680_image2_1.jpg,127.2281695,37.01121747,경기 안성 문화관광 1일 코스,
http://tong.visitkorea.or.kr/cms/resource/21/1589321_image2_1.jpg,127.1871573,37.47737113,경기도 광주의 자연 속으로,
http://tong.visitkorea.or.kr/cms/resource/17/1518917_image2_1.jpg,126.9688559,37.83634767,경기도 양주 현장학습 1일 코스,
http://tong.visitkorea.or.kr/cms/resource/81/1075281_image2_1.jpg,126.9768042,37.57607255,경복궁 북쪽마을 북촌 즐기기,
http://tong.visitkorea.or.kr/cms/resource/01/691701_image2_1.jpg,128.439418,36.27247419,경북 군위의 특별한 체험,
http://tong.visitkorea.or.kr/cms/resource/79/688879_image2_1.jpg,128.3485506,36.0886212,경북 남부권을 여행하다,
http://tong.visitkorea.or.kr/cms/resource/34/655734_image2_1.jpg,128.7397134,35.98657612,경산의 팔공산 갓바위에 오르다,
http://tong.visitkorea.or.kr/cms/resource/12/657112_image2_1.jpg,128.5050462,35.54574108,,
http://tong.visitkorea.or.kr/cms/resource/30/1200930_image2_1.jpg,129.3330446,35.78939566,,
http://tong.visitkorea.or.kr/cms/resource/43/179843_image2_1.jpg,129.212863,35.80731081,,
http://tong.visitkorea.or.kr/cms/resource/58/179558_image2_1.jpg,2.01609E+13,5029,,
http://tong.visitkorea.or.kr/cms/resource/13/2033113_image2_1.jpg,127.4889583,37.93566781,계곡미가 빼어난 가평의 단풍 명소,
http://tong.visitkorea.or.kr/cms/resource/13/531313_image2_1.jpg,127.7267788,35.85127581,"계곡에서 탁족을 즐기고, 와인 한 잔에 역사를 음미하다",
http://tong.visitkorea.or.kr/cms/resource/51/1589851_image2_1.jpg,127.5709926,37.5502169,계곡을 오르며 물이 되고 숲을 거닐며 한그루 나무가 되다,
http://tong.visitkorea.or.kr/cms/resource/45/757545_image2_1.jpg,127.2160877,36.38923042,,
http://tong.visitkorea.or.kr/cms/resource/37/1278637_image2_1.jpg,127.2294155,36.24073931,"계백장군에서 왕건까지, 백제부터 고려의 시간을 만나다",
http://tong.visitkorea.or.kr/cms/resource/75/812275_image2_1.jpg,127.1308679,37.58051092,고구려 역사 되짚어보는 역사기행,
http://tong.visitkorea.or.kr/cms/resource/83/213783_image2_1.jpg,127.8576785,37.04600267,고구려의 역사가 깃든 충주로 떠나는 역사 여행,
http://tong.visitkorea.or.kr/cms/resource/03/1859003_image2_1.jpg,127.0631978,38.01039018,고구려의 옛 흔적을 만나다,
http://tong.visitkorea.or.kr/cms/resource/42/1575642_image2_1.jpg,126.4858054,37.74878259,고려시대부터 조선시대의 역사체험,
http://tong.visitkorea.or.kr/cms/resource/96/1609396_image2_1.jpg,126.7113842,35.03345365,,
http://tong.visitkorea.or.kr/cms/resource/17/1609417_image2_1.jpg,126.3024094,34.56600788,고려와 조선의 역사 현장을 가다,
http://tong.visitkorea.or.kr/cms/resource/56/214556_image2_1.jpg,126.5794169,34.15811361,고산 윤선도의 이상향을 만나다,
http://tong.visitkorea.or.kr/cms/resource/72/1193472_image2_1.jpg,128.375638,38.58504215,고성에서 인제로 가는 체험여행,
http://tong.visitkorea.or.kr/cms/resource/98/217598_image2_1.jpg,128.4728487,38.22664143,,
http://tong.visitkorea.or.kr/cms/resource/24/1589224_image2_1.jpg,126.8260146,37.59623973,고양시의 한적한 능원과 행주산성 유적지를 거닐다,
http://tong.visitkorea.or.kr/cms/resource/75/721775_image2_1.jpg,128.7501073,36.45863934,"고운사 숲길도 걷고, 애플와인 체험도 하고",
http://tong.visitkorea.or.kr/cms/resource/53/653053_image2_1.jpg,126.578004,35.49684341,,
http://tong.visitkorea.or.kr/cms/resource/82/893882_image2_1.jpg,126.9886864,37.57853359,고풍스러움이 흐르는 북촌,
http://tong.visitkorea.or.kr/cms/resource/96/678896_image2_1.jpg,127.8040049,34.59163296,고흥의 앞바다에 펼쳐진 크고 작은 섬들,
http://tong.visitkorea.or.kr/cms/resource/98/1196798_image2_1.jpg,127.7429735,35.89196037,,
http://tong.visitkorea.or.kr/cms/resource/67/1986567_image2_1.jpg,128.8490371,37.49753878,"골 깊은 정선 땅, 정이 넘치는 곳",
http://tong.visitkorea.or.kr/cms/resource/50/1807750_image2_1.jpg,127.0117431,36.55777416,,
http://tong.visitkorea.or.kr/cms/resource/56/1598556_image2_1.jpg,127.1262798,36.46308148,,
http://tong.visitkorea.or.kr/cms/resource/01/721501_image2_1.jpg,128.6968892,36.28524697,공룡발자국에서 전통마을까지 의성에서 즐기는 역사여행,
http://tong.visitkorea.or.kr/cms/resource/52/1579352_image2_1.jpg,126.4147877,37.41685334,공항철도 타고 떠나는 용유도 여행,
http://tong.visitkorea.or.kr/cms/resource/74/883274_image2_1.jpg,127.0321512,36.80560157,과거급제를 꿈꾸던 청년 이순신이 살던 그곳에서 놀기,
http://tong.visitkorea.or.kr/cms/resource/14/572314_image2_1.jpg,126.9685024,37.57112576,과거와 현재의 시간이 겹쳐진 부암동길,
http://tong.visitkorea.or.kr/cms/resource/55/734355_image2_1.jpg,126.992329,37.43616686,과천의 아름다움을 보았는가...,
http://tong.visitkorea.or.kr/cms/resource/26/1870326_image2_1.jpg,128.4655208,35.68821594,과학관과 문화원에서 대구에 대해 알아보기,
http://tong.visitkorea.or.kr/cms/resource/32/741832_image2_1.jpg,126.833849,35.12072641,광주 서구 8경 중 4경을 찾아 떠나는 여행,
http://tong.visitkorea.or.kr/cms/resource/31/1587631_image2_1.jpg,126.8831152,35.18898065,광주의 기아자동차 체험과 지역문화가 숨쉬는 박물관,
http://tong.visitkorea.or.kr/cms/resource/95/1033095_image2_1.jpg,126.8885954,35.18415073,광주의 민속박물관과 충효동 왕버들,
http://tong.visitkorea.or.kr/cms/resource/77/566677_image2_1.jpg,127.0002466,35.18609685,광주의 예술가거리와 번화한 금남로,
http://tong.visitkorea.or.kr/cms/resource/04/1587804_image2_1.jpg,126.8750478,35.1335701,"광주하계유니버시아드 주경기장을 중심으로 가족, 연인과 함께하는 여행",
http://tong.visitkorea.or.kr/cms/resource/86/764686_image2_1.jpg,127.8946567,36.11850955,,
http://tong.visitkorea.or.kr/cms/resource/22/1559322_image2_1.jpg,126.9701896,35.12870004,"국립공원의 막내, 무등산을 오르다",
http://tong.visitkorea.or.kr/cms/resource/32/771932_image2_1.jpg,128.0296439,38.06902351,,
http://tong.visitkorea.or.kr/cms/resource/48/771948_image2_1.jpg,127.9906352,38.1068767,국토의 정중앙에서 만나는 청정자연의 향연,
http://tong.visitkorea.or.kr/cms/resource/14/1603914_image2_1.jpg,126.7958894,35.95874176,군산역사문화탐방 시간여행,
http://tong.visitkorea.or.kr/cms/resource/51/1870451_image2_1.jpg,126.703283,35.99016714,군산의 명물 먹거리 여행,
http://tong.visitkorea.or.kr/cms/resource/05/2017305_image2_1.jpg,126.6855378,35.97485192,군산의 은파관광단지에서 즐기는 군산여행,
http://tong.visitkorea.or.kr/cms/resource/58/195158_image2_1.jpg,126.445322,35.36078164,굴비의 참맛을 느껴보는 여행,
http://tong.visitkorea.or.kr/cms/resource/02/1136202_image2_1.jpg,127.3277142,38.14017708,,
http://tong.visitkorea.or.kr/cms/resource/42/1568042_image2_1.jpg,126.9767236,37.58018596,궁의 북쪽 자하문 돌아보기,
http://tong.visitkorea.or.kr/cms/resource/01/1181501_image2_1.jpg,128.5035845,37.69254848,그 길에서 위안을 얻다,
http://tong.visitkorea.or.kr/cms/resource/70/1577670_image2_1.jpg,126.5983527,37.47381938,,
http://tong.visitkorea.or.kr/cms/resource/04/1995304_image2_1.jpg,126.8855652,35.1817204,,
http://tong.visitkorea.or.kr/cms/resource/95/1587495_image2_1.jpg,126.9158941,35.13829804,,
http://tong.visitkorea.or.kr/cms/resource/95/877395_image2_1.jpg,127.5641017,36.25940422,금강 따라 도는 물의 여정,
http://tong.visitkorea.or.kr/cms/resource/24/2034924_image2_1.jpg,126.8608002,36.06830259,,
http://tong.visitkorea.or.kr/cms/resource/71/1601371_image2_1.jpg,126.7423314,36.02281408,,
http://tong.visitkorea.or.kr/cms/resource/48/771948_image2_1.jpg,127.9833266,38.22776246,금강산 가는 길목 비밀의 계곡,
http://tong.visitkorea.or.kr/cms/resource/11/1434211_image2_1.jpg,129.0423048,37.44425978,,
http://tong.visitkorea.or.kr/cms/resource/15/893215_image2_1.jpg,128.74202,36.90495207,"금계포란형, 닭실마을의 풍수지리를 들여다 보자!",
http://tong.visitkorea.or.kr/cms/resource/56/1669056_image2_1.JPG,127.5821653,36.31507318,금빛 물결 너머 가슴 푸근한 풍경,
http://tong.visitkorea.or.kr/cms/resource/63/1611163_image2_1.jpg,127.7608429,35.73121782,,
http://tong.visitkorea.or.kr/cms/resource/30/1067030_image2_1.jpg,128.3129975,36.11250673,,
http://tong.visitkorea.or.kr/cms/resource/60/492460_image2_1.jpg,127.3416665,36.13745864,금산의 인삼을 맛보다,
http://tong.visitkorea.or.kr/cms/resource/98/1742698_image2_1.jpg,129.0324035,35.62110898,"기암절벽에 피어난 단풍따라, 깊은 계곡 따라",
http://tong.visitkorea.or.kr/cms/resource/13/1922713_image2_1.jpg,126.724669,36.02971022,기차 타고 만나는 세계 5대 기후대,
http://tong.visitkorea.or.kr/cms/resource/49/992049_image2_1.jpg,128.5911186,35.87187247,,
http://tong.visitkorea.or.kr/cms/resource/51/605451_image2_1.jpg,128.0266875,35.88554674,김천의 산천 수도산과 청암사에 여름여행을 떠나다,
http://tong.visitkorea.or.kr/cms/resource/85/592185_image2_1.jpg,128.0028416,36.11515633,김천의 아름다운 절경과 전통문화를 찾아 떠나다,
http://tong.visitkorea.or.kr/cms/resource/29/1611229_image2_1.jpg,128.877308,35.24458177,김해 가락국의 왕과 비가 잠들어 있는 이곳을 찾아서,
http://tong.visitkorea.or.kr/cms/resource/65/1611265_image2_1.jpg,128.8783665,35.2351273,김해 전통문화와 대성동고분박물관 여행,
http://tong.visitkorea.or.kr/cms/resource/10/1949810_image2_1.jpg,128.5696553,35.2077664,꼬부랑길 벽화 마을의 숨은 간식 여행,
http://tong.visitkorea.or.kr/cms/resource/65/1605565_image2_1.jpg,127.1486673,35.81370604,꼼꼼하게 둘러보는 전주 한옥마을과 주변 명소들,
http://tong.visitkorea.or.kr/cms/resource/86/1149786_image2_1.jpg,126.7618827,37.65638437,"꽃, 그리고 물속 생물들과 함께 조용한 사색을...",
http://tong.visitkorea.or.kr/cms/resource/01/1608001_image2_1.jpg,126.8347357,34.75952545,,
http://tong.visitkorea.or.kr/cms/resource/48/1977648_image2_1.jpg,126.6225205,34.55125643,끝은 또 다른 시작 해남發 희망버스!,
http://tong.visitkorea.or.kr/cms/resource/73/1607973_image2_1.jpg,126.620099,34.76160221,나홀로 천천히 떠나는 여행,
http://tong.visitkorea.or.kr/cms/resource/42/656042_image2_1.jpg,128.7551397,35.49156565,날 좀 보소 날 좀 보소! 버스 좀 타보소!,
http://tong.visitkorea.or.kr/cms/resource/37/1606637_image2_1.jpg,126.8071219,34.51200832,,
http://tong.visitkorea.or.kr/cms/resource/11/195911_image2_1.jpg,126.3380075,34.5160974,남도의 풍류에 젖어드는 진도 의신사천마을 (웰촌),
http://tong.visitkorea.or.kr/cms/resource/62/793062_image2_1.jpg,127.9751387,35.38961859,,
http://tong.visitkorea.or.kr/cms/resource/73/1569173_image2_1.jpg,126.9940059,37.55912483,남산을 중심으로 문화놀이,
http://tong.visitkorea.or.kr/cms/resource/17/219317_image2_1.jpg,127.3217677,37.75227776,남양주 친환경 순례,
http://tong.visitkorea.or.kr/cms/resource/26/1591326_image2_1.jpg,127.3242316,37.65049519,남양주시의 이색박물관 모음코스,
http://tong.visitkorea.or.kr/cms/resource/40/2026040_image2_1.jpg,127.2759606,37.75807624,남양주의 유네스코 세계유산지 산책,
http://tong.visitkorea.or.kr/cms/resource/96/177896_image2_1.jpg,127.8409747,37.13232297,남한강을 따라 만나는 역사의 향기,
http://tong.visitkorea.or.kr/cms/resource/49/1298749_image2_1.jpg,128.0510169,34.79839748,남해 삼동면으로 떠나는 자연과 예술이 있는 여행,
http://tong.visitkorea.or.kr/cms/resource/21/1611221_image2_1.jpg,128.1529746,34.90852861,,
http://tong.visitkorea.or.kr/cms/resource/65/1953165_image2_1.jpg,128.0515398,34.77118387,남해에서 잡아 올린 월척 행복여행 [웰촌],
http://tong.visitkorea.or.kr/cms/resource/43/1299643_image2_1.jpg,128.0332737,34.92053626,남해의 바다를 보며 즐거운 체험 여행,
http://tong.visitkorea.or.kr/cms/resource/74/1300774_image2_1.jpg,128.0485825,34.74081499,남해의푸른 바다와 산을 만나다.,
http://tong.visitkorea.or.kr/cms/resource/72/1782972_image2_1.jpg,126.9768292,37.57599478,"낮이 좋아? 밤이 좋아? 서울의 주경, 야경 여행코스",
http://tong.visitkorea.or.kr/cms/resource/14/691914_image2_1.jpg,128.2982084,36.56331618,내성천 물길이 만들어내는 아름다운 풍경을 만나다,
http://tong.visitkorea.or.kr/cms/resource/55/652955_image2_1.jpg,126.8301365,35.63049361,내장산의 단풍과 동학혁명의 뜨거운 열망이 타는 정읍,
http://tong.visitkorea.or.kr/cms/resource/08/217708_image2_1.jpg,129.4438267,35.49247561,"넘실대는 푸른 바다 속, 고래 찾으러 떠나자!",
http://tong.visitkorea.or.kr/cms/resource/81/1279481_image2_1.jpg,127.1314898,36.28198009,"논산의 명물, 딸기를 맛보다",
http://tong.visitkorea.or.kr/cms/resource/90/188990_image2_1.jpg,126.9947187,37.69525901,놀거리 볼거리 많은 장흥에서의 캠핑,
http://tong.visitkorea.or.kr/cms/resource/08/197808_image2_1.jpg,126.5460485,33.51806202,,
http://tong.visitkorea.or.kr/cms/resource/78/1358778_image2_1.jpg,127.2912627,37.83165129,농촌체험마을과 캠핑을 동시에 즐기다!,
http://tong.visitkorea.or.kr/cms/resource/80/1968380_image2_1.jpg,129.1936228,35.81252375,눈으로 보고 마음으로 느끼는 경주 미술·박물관 여행,
http://tong.visitkorea.or.kr/cms/resource/59/566959_image2_1.jpg,126.7462312,34.57909702,,
http://tong.visitkorea.or.kr/cms/resource/80/1747580_image2_1.jpg,126.921535,36.95110507,다양한 체험과 이국적인 정취를 느낄 수 있는 평택 여행코스,
http://tong.visitkorea.or.kr/cms/resource/22/1804822_image2_1.jpg,129.0307014,35.09682893,,
http://tong.visitkorea.or.kr/cms/resource/15/1271415_image2_1.jpg,127.6608508,35.23856342,,
http://tong.visitkorea.or.kr/cms/resource/67/212367_image2_1.jpg,126.9009795,36.19072263,단아한 부여의 아름다움에 빠지다,
http://tong.visitkorea.or.kr/cms/resource/86/1160486_image2_1.jpg,128.4347803,37.20635608,,
http://tong.visitkorea.or.kr/cms/resource/54/712554_image2_1.jpg,127.794652,36.80860659,,
http://tong.visitkorea.or.kr/cms/resource/27/1229927_image2_1.jpg,129.3900037,36.35929893,"대게의 고장, 영덕대게로를 따라 바다를 즐기다",
http://tong.visitkorea.or.kr/cms/resource/48/1326548_image2_1.jpg,128.641626,35.94261262,대구 문화체험 코스,
http://tong.visitkorea.or.kr/cms/resource/02/2366102_image2_1.png,128.5848109,35.86754507,대구 서부시장의 구석구석 맛집을 찾아,
http://tong.visitkorea.or.kr/cms/resource/57/1573857_image2_1.jpg,128.5659769,35.85225201,대구에 있는 놀이터와 동네 구석구석 찾기,
http://tong.visitkorea.or.kr/cms/resource/71/1144571_image2_1.jpg,128.6275676,35.79149057,대구의 멋과 맛을 동시에 즐길 수 있는 하루,
http://tong.visitkorea.or.kr/cms/resource/89/1615489_image2_1.jpg,128.7497083,35.84000123,대구의 분지의 중부평야의 유적을 찾아서,
http://tong.visitkorea.or.kr/cms/resource/17/1315717_image2_1.jpg,128.7397134,35.98657612,,
http://tong.visitkorea.or.kr/cms/resource/54/741954_image2_1.jpg,126.9852361,35.32417265,,
http://tong.visitkorea.or.kr/cms/resource/34/2371134_image2_1.jpg,129.212716,35.20461467,대나무 울창한 아홉산 숲으로,
http://tong.visitkorea.or.kr/cms/resource/54/1589654_image2_1.jpg,126.6383172,37.22120773,대부도에서 바다의 매력에 빠져보자!,
http://tong.visitkorea.or.kr/cms/resource/16/1958516_image2_1.jpg,127.434428,36.33213804,대전 중구의 젊은 거리에서 옛터민속박물관까지,
http://tong.visitkorea.or.kr/cms/resource/09/1092609_image2_1.jpg,127.3858064,36.36657768,,
http://tong.visitkorea.or.kr/cms/resource/36/1585736_image2_1.jpg,127.397805,36.27718256,대전의 유교문화와 자신의 성씨 알 수 있는 효친 사상,
http://tong.visitkorea.or.kr/cms/resource/37/2364237_image2_1.jpg,127.3924058,36.36779432,대전의 즐거운 공부나들이 코스,
http://tong.visitkorea.or.kr/cms/resource/72/1917172_image2_1.jpg,127.4915415,36.46298797,대통령 별장 청남대부터 상수허브랜드까지,
http://tong.visitkorea.or.kr/cms/resource/38/1911338_image2_1.jpg,128.6051578,38.17288637,대포항에서 혼자 하는 여행,
http://tong.visitkorea.or.kr/cms/resource/48/2014148_image2_1.jpg,126.3721868,34.79243633,대한민국 항구1번지 목포로 오시오!,
http://tong.visitkorea.or.kr/cms/resource/98/1207298_image2_1.jpg,128.7755407,35.18536433,"더운 여름, 김해의 계곡에서 놀아보자",
http://tong.visitkorea.or.kr/cms/resource/64/1606564_image2_1.jpg,127.7751205,35.90072106,덕유산 너른 풍에서 하룻밤,
http://tong.visitkorea.or.kr/cms/resource/23/147823_image2_1.jpg,127.8339862,36.65169753,,
http://tong.visitkorea.or.kr/cms/resource/58/1613358_image2_1.jpg,129.2190922,35.83469395,도보로 즐기는 신라의 여름밤,
http://tong.visitkorea.or.kr/cms/resource/54/2033254_image2_1.jpg,128.5748021,35.20710823,"도시, 섬, 항구가 어우러진 바다의 야경",
http://tong.visitkorea.or.kr/cms/resource/76/1569276_image2_1.jpg,126.9855424,37.57455344,도시의 고풍스러운 정취를 즐기다,
http://tong.visitkorea.or.kr/cms/resource/34/2032734_image2_1.jpg,126.6708019,36.0155748,도심 속 지친 사람들의 여유 충전 코스 [웰촌],
http://tong.visitkorea.or.kr/cms/resource/68/750368_image2_1.jpg,127.0809904,37.43418812,도심에서 즐기는 오붓한 자연과 책의 대화,
http://tong.visitkorea.or.kr/cms/resource/02/1591102_image2_1.jpg,127.4351252,37.3271847,"도자기와 쌀, 온천을 모두 만나는 건강힐링여행",
http://tong.visitkorea.or.kr/cms/resource/90/1599990_image2_1.jpg,126.5470006,36.59735875,독립운동의 큰별을 만나다,
http://tong.visitkorea.or.kr/cms/resource/59/650459_image2_1.jpg,126.2551754,33.32540095,,
http://tong.visitkorea.or.kr/cms/resource/22/1581522_image2_1.jpg,129.1597155,37.47450581,동굴과 해안 포구가 빚어내는 환상의 앙상블,
http://tong.visitkorea.or.kr/cms/resource/51/710251_image2_1.jpg,127.0076821,37.57047931,,
http://tong.visitkorea.or.kr/cms/resource/84/486084_image2_1.jpg,127.1699685,37.03577471,,
http://tong.visitkorea.or.kr/cms/resource/02/1589702_image2_1.jpg,127.2788641,37.04064832,동물체험 농장과  신명 넘치는 우리 문화의 매력을 만나다,
http://tong.visitkorea.or.kr/cms/resource/32/689532_image2_1.jpg,127.6106476,36.15804161,,
http://tong.visitkorea.or.kr/cms/resource/53/1929553_image2_1.jpg,127.8279364,35.43976588,동의보감 간행 400주년 기념 산청세계전통의학엑스포가 열린 곳,
http://tong.visitkorea.or.kr/cms/resource/31/1581131_image2_1.jpg,2.01609E+13,25350,,
http://tong.visitkorea.or.kr/cms/resource/08/1813408_image2_1.jpg,129.0896126,37.59225476,,
http://tong.visitkorea.or.kr/cms/resource/54/1831454_image2_1.jpg,127.5186423,37.81820981,드라마 촬영지로 떠나는 낭만여행,
http://tong.visitkorea.or.kr/cms/resource/00/1836000_image2_1.jpg,127.3162968,37.53321422,,
http://tong.visitkorea.or.kr/cms/resource/84/1968084_image2_1.JPG,128.3477937,37.30026028,따뜻한 온기가 담긴 추억의 옛집,
http://tong.visitkorea.or.kr/cms/resource/78/1870678_image2_1.jpg,126.6702398,36.3770473,땅굴 속의 찬바람 보령시 냉풍욕장에서 시원한 여름을~,
http://tong.visitkorea.or.kr/cms/resource/92/219392_image2_1.jpg,126.6229538,34.55145364,땅끝에서 즐기는 캠핑여행,
http://tong.visitkorea.or.kr/cms/resource/69/1870669_image2_1.jpg,127.9572739,35.05889995,뗏목 타고 피라미 잡으며 더위사냥,
http://tong.visitkorea.or.kr/cms/resource/73/196773_image2_1.jpg,126.5654405,35.52476781,뙤약볕이 두렵지 않은 조개 캐기 삼매경,
http://tong.visitkorea.or.kr/cms/resource/06/1830406_image2_1.jpg,128.6430659,34.77707983,레포츠를 통해 스트레스를 날릴 수 있는 캠핑 [웰촌],
http://tong.visitkorea.or.kr/cms/resource/36/1577236_image2_1.jpg,126.4347558,37.70292593,마니산에서 즐기는 캠핑여행,
http://tong.visitkorea.or.kr/cms/resource/74/883274_image2_1.jpg,127.0321512,36.80560157,마을과 인물을 만나 따뜻한 시간을 보내다,
http://tong.visitkorea.or.kr/cms/resource/05/1591105_image2_1.jpg,127.4263052,37.27887068,,
http://tong.visitkorea.or.kr/cms/resource/57/1605757_image2_1.jpg,127.4129951,35.76405796,,
http://tong.visitkorea.or.kr/cms/resource/99/1997599_image2_1.JPG,128.5659769,35.85225201,마치 야간 비행에 나선 비행사가 된 기분,
http://tong.visitkorea.or.kr/cms/resource/69/691869_image2_1.jpg,128.4919475,36.72716494,막걸리를 좋아하는 소나무를 찾아서,
http://tong.visitkorea.or.kr/cms/resource/02/1055002_image2_1.jpg,128.5991147,35.98616245,,
http://tong.visitkorea.or.kr/cms/resource/24/1564424_image2_1.jpg,126.6166756,34.47682302,"만세토록 허물어지지 않을 산, 두륜산과 대흥사를 가다",
http://tong.visitkorea.or.kr/cms/resource/23/1046023_image2_1.jpg,129.2662412,37.32306421,맑고 깨끗한 삼척의 바다를 즐기다,
http://tong.visitkorea.or.kr/cms/resource/37/1598337_image2_1.jpg,128.0151829,36.78557439,맑은 물이 있는 둔율올갱이마을 캠핑 [웰촌],
http://tong.visitkorea.or.kr/cms/resource/19/1978519_image2_1.jpg,126.8569179,37.48023154,,
http://tong.visitkorea.or.kr/cms/resource/66/1971366_image2_1.jpg,126.7157655,35.97821039,먹고~ 사고~ 즐기고~ 군산 쓰리고 여행!,
http://tong.visitkorea.or.kr/cms/resource/71/177971_image2_1.jpg,127.8992958,36.98831563,멈춰 쉬고 싶은 곳 충주호 코스,
http://tong.visitkorea.or.kr/cms/resource/92/2378792_image2_1.jpg,126.5436351,35.37608432,,
http://tong.visitkorea.or.kr/cms/resource/59/705259_image2_1.jpg,126.9860954,37.56355473,명동에서 이태원까지 서울의 낭만을...,
http://tong.visitkorea.or.kr/cms/resource/00/612500_image2_1.jpg,127.0470448,35.74531761,,
http://tong.visitkorea.or.kr/cms/resource/24/2017324_image2_1.jpg,127.6204923,37.21178198,목장 체험은 여주에서~,
http://tong.visitkorea.or.kr/cms/resource/97/2043497_image2_1.jpg,126.3900353,34.7875955,목포 야시장과 수산물 시장에서 북적이는 하루,
http://tong.visitkorea.or.kr/cms/resource/34/1804634_image2_1.jpg,126.38888,34.78191001,목포의 방학여행 코스,
http://tong.visitkorea.or.kr/cms/resource/97/1609497_image2_1.jpg,126.4257848,34.79234,,
http://tong.visitkorea.or.kr/cms/resource/55/2002855_image2_1.jpg,126.9997575,36.78335634,몸과 마음을 녹여주는 따뜻한 곳으로의 초대,
http://tong.visitkorea.or.kr/cms/resource/97/600097_image2_1.jpg,126.8088598,33.48771681,,
http://tong.visitkorea.or.kr/cms/resource/46/1609446_image2_1.jpg,127.1328211,34.9614272,몸과 마음이 즐거운 녹차 테마 투어,
http://tong.visitkorea.or.kr/cms/resource/16/1589716_image2_1.jpg,127.3596061,37.06544691,,
http://tong.visitkorea.or.kr/cms/resource/32/2008732_image2_1.jpg,126.865563,37.42677124,"무더운 여름, 시원하게 즐기는 레저여행",
http://tong.visitkorea.or.kr/cms/resource/34/219534_image2_1.jpg,128.9948019,35.59478068,,
http://tong.visitkorea.or.kr/cms/resource/70/734370_image2_1.jpg,126.8618741,37.43963912,,
http://tong.visitkorea.or.kr/cms/resource/99/623199_image2_1.jpg,129.0142539,37.46356257,,
http://tong.visitkorea.or.kr/cms/resource/16/608516_image2_1.jpg,127.1689595,37.7506335,무성한 나무숲 길의 힐링 산책,
http://tong.visitkorea.or.kr/cms/resource/10/1611410_image2_1.jpg,128.0768878,35.18896523,무엇을 상상하든 그 이상의 절경을 만나다.,
http://tong.visitkorea.or.kr/cms/resource/86/1579386_image2_1.jpg,126.4140211,37.41818372,무의도에서 즐기는 바다체험,
http://tong.visitkorea.or.kr/cms/resource/16/711716_image2_1.jpg,127.6550144,36.00530425,무주 반딧불이가 사는 덕유산의 백련사 가는 길,
http://tong.visitkorea.or.kr/cms/resource/11/1929711_image2_1.jpg,127.7513443,36.02284564,무주의 여름방학 특집 체험지 코스,
http://tong.visitkorea.or.kr/cms/resource/76/622776_image2_1.jpg,129.0906514,37.59403513,,
http://tong.visitkorea.or.kr/cms/resource/73/1070573_image2_1.jpg,128.0615464,36.65391533,문경 생달리 마을에서 푸근한 전통 음식을 만들어보자,
http://tong.visitkorea.or.kr/cms/resource/03/1644403_image2_1.jpg,128.0769947,36.76160328,,
http://tong.visitkorea.or.kr/cms/resource/42/898442_image2_1.jpg,129.1280904,36.55884343,문학의 고장에서 만나는 문인의 향기,
http://tong.visitkorea.or.kr/cms/resource/58/1092358_image2_1.jpg,127.4790507,36.47515302,,
http://tong.visitkorea.or.kr/cms/resource/87/1425587_image2_1.jpg,129.0466485,37.18029856,,
http://tong.visitkorea.or.kr/cms/resource/39/1718639_image2_1.jpg,128.6222025,36.73112804,물돌이 무섬마을과 외나무다리를 밟아보다,
http://tong.visitkorea.or.kr/cms/resource/07/211107_image2_1.jpg,128.0002121,34.83414814,,
http://tong.visitkorea.or.kr/cms/resource/46/1589446_image2_1.jpg,126.7453217,37.50881791,미니어처 테마파크 아이들과 함께~,
http://tong.visitkorea.or.kr/cms/resource/64/632864_image2_1.jpg,126.998895,37.53809681,미술관과 아쿠아리움으로 떠나는 힐링 여행,
http://tong.visitkorea.or.kr/cms/resource/48/771948_image2_1.jpg,127.9836294,38.22700422,,
http://tong.visitkorea.or.kr/cms/resource/37/1796037_image2_1.jpg,2.01609E+13,9800,,
http://tong.visitkorea.or.kr/cms/resource/92/749592_image2_1.jpg,128.7193731,35.09219319,바다 위와 바다 속을 달리다.,
http://tong.visitkorea.or.kr/cms/resource/25/2043325_image2_1.jpg,128.6753432,35.31385085,"바다, 항구, 문화, 예술을 품은 카멜레온의 도시",
http://tong.visitkorea.or.kr/cms/resource/69/533569_image2_1.jpg,126.8247426,36.89057701,바다따라 이어지는 충청 체험 여행,
http://tong.visitkorea.or.kr/cms/resource/67/214367_image2_1.jpg,126.6724791,34.35769005,바다를 호령하던 장보고의 흔적을 가다,
http://tong.visitkorea.or.kr/cms/resource/69/533569_image2_1.jpg,126.8247426,36.89057701,바다와 목장에서 즐기는 가족체험,
http://tong.visitkorea.or.kr/cms/resource/07/1230307_image2_1.jpg,129.4434423,36.48982402,"바다와 바람, 자연체험여행의 보물창고",
http://tong.visitkorea.or.kr/cms/resource/05/1618205_image2_1.jpg,126.9035618,33.40426367,,
http://tong.visitkorea.or.kr/cms/resource/99/1806699_image2_1.jpg,126.8528783,126.8426246,바다와 호수가 만들어준 멋진 드라이브 코스 1,
http://tong.visitkorea.or.kr/cms/resource/79/181579_image2_1.jpg,128.4598152,38.44651275,,
http://tong.visitkorea.or.kr/cms/resource/35/202535_image2_1.jpg,129.4055768,35.80303439,,
http://tong.visitkorea.or.kr/cms/resource/63/213363_image2_1.jpg,126.5026717,36.15625307,바닷가 풍경이 아름다운 곳에서 체험까지,
http://tong.visitkorea.or.kr/cms/resource/22/2371222_image2_1.JPG,129.0784245,37.60043137,,
http://tong.visitkorea.or.kr/cms/resource/81/1604181_image2_1.jpg,126.4860136,35.66242027,바닷길 걸으면 절로 힐링이 되요,
http://tong.visitkorea.or.kr/cms/resource/70/1589970_image2_1.jpg,127.40634,37.09519987,바오밥나무 아래서 어린왕자 만나볼까?,
http://tong.visitkorea.or.kr/cms/resource/12/1929712_image2_1.jpg,127.7950717,35.99602447,반딧불이 아름다운 청정 무주에서 즐기기 [웰촌],
http://tong.visitkorea.or.kr/cms/resource/75/1140675_image2_1.jpg,128.720556,35.71353999,반시로 만든 청도만의 와인 터널로 초대합니다,
http://tong.visitkorea.or.kr/cms/resource/33/2486333_image2_1.jpg,128.8866211,35.2442542,,
http://tong.visitkorea.or.kr/cms/resource/26/609126_image2_1.jpg,129.0983386,36.8033844,밝고 청정한 영양의 산천을 찾아서,
http://tong.visitkorea.or.kr/cms/resource/75/1802575_image2_1.jpg,127.4192218,36.30374935,밤의 열기 가득한 도시의 야경,
http://tong.visitkorea.or.kr/cms/resource/67/1939067_image2_1.jpg,126.3821915,34.78777035,밤이 아름다운 산과 바다,
http://tong.visitkorea.or.kr/cms/resource/82/1591682_image2_1.jpg,126.8656804,37.59976781,방학에 즐기기 좋은 체험 여행지,
http://tong.visitkorea.or.kr/cms/resource/47/488847_image2_1.jpg,128.5657716,36.91291171,백두대간 마구령과 고치령에서 즐기는 캠핑여행,
http://tong.visitkorea.or.kr/cms/resource/19/1928819_image2_1.jpg,128.1717145,38.06279083,백두대간이 숨겨놓은 숲과 계곡을 찾아서,
http://tong.visitkorea.or.kr/cms/resource/07/169407_image2_1.jpg,127.7175445,35.07793527,백운산 숲에서 즐기는 치유의 캠핑여행,
http://tong.visitkorea.or.kr/cms/resource/02/1253702_image2_1.jpg,127.0078245,37.34987714,,
http://tong.visitkorea.or.kr/cms/resource/81/1279481_image2_1.jpg,127.1314898,36.28198009,백제 땅에 캠핑하다,
http://tong.visitkorea.or.kr/cms/resource/00/1308300_image2_1.jpg,126.9877281,35.9482657,백제 문화의 진향이 진하게 배어나는 곳,
http://tong.visitkorea.or.kr/cms/resource/19/883219_image2_1.jpg,126.9202224,36.28901449,백제의 마지막 도읍을 걷다,
http://tong.visitkorea.or.kr/cms/resource/76/531176_image2_1.jpg,127.2450551,36.36640299,백제의 숨결 가득한 역사 속으로,
http://tong.visitkorea.or.kr/cms/resource/34/2032634_image2_1.jpg,129.254651,35.99989262,버스로 떠나는 제2의 수학여행 양동마을 코스,
http://tong.visitkorea.or.kr/cms/resource/86/1274186_image2_1.jpg,128.6596236,35.16507838,벚꽃 잔치의 최고봉 봄날의 낭만에 취한다.,
http://tong.visitkorea.or.kr/cms/resource/67/1611467_image2_1.jpg,128.2949459,35.31392728,,
http://tong.visitkorea.or.kr/cms/resource/27/219427_image2_1.jpg,127.3796714,35.40318994,,
http://tong.visitkorea.or.kr/cms/resource/24/702624_image2_1.jpg,128.7897033,35.99184312,별빛을 연결해 준 영천 보현산 천문대,
http://tong.visitkorea.or.kr/cms/resource/59/2364459_image2_1.jpg,127.1916899,37.29446741,"보고, 듣고, 배우고, 체험하는 미술관 여행",
http://tong.visitkorea.or.kr/cms/resource/15/1743015_image2_1.jpg,127.7467589,35.06449007,,
http://tong.visitkorea.or.kr/cms/resource/20/1602720_image2_1.jpg,126.5205655,36.43749056,보령의 역사와 삶이 서린 항구를 찾아가다,
http://tong.visitkorea.or.kr/cms/resource/80/182980_image2_1.jpg,126.3228884,37.69670803,보문사 가는 바람길 위에 스트레스를 모두 내려놓자,
http://tong.visitkorea.or.kr/cms/resource/88/1568388_image2_1.jpg,126.9869922,37.57603663,보물 1호 동대문 주변에서 만나는 역사의 현장,
http://tong.visitkorea.or.kr/cms/resource/85/1936485_image2_1.jpg,127.0566327,34.65084692,보성 녹차밭에 깃든 짙은 녹차 향기를 따라 가는 길,
http://tong.visitkorea.or.kr/cms/resource/48/2010748_image2_1.jpg,126.9468778,37.72259663,볼거리가 하늘의 별처럼 촘촘히 박혀있는 곳,
http://tong.visitkorea.or.kr/cms/resource/93/1596693_image2_1.jpg,127.6104837,36.15813049,"봄볕 선율, 봄바람 가락",
http://tong.visitkorea.or.kr/cms/resource/93/1936493_image2_1.jpg,127.0856564,34.71294044,봄이 먼저 오는 남도의 숲,
http://tong.visitkorea.or.kr/cms/resource/20/214520_image2_1.jpg,126.8574839,34.17296373,"봄이 아름다운 섬, 청산도",
http://tong.visitkorea.or.kr/cms/resource/88/180688_image2_1.jpg,128.6763238,37.71581023,봅슬레이 눈썰매로 겨울이 뜨겁다.,
http://tong.visitkorea.or.kr/cms/resource/51/1166551_image2_1.jpg,128.9638218,37.02137353,봉화 금강송 숲 사이를 거닐다,
http://tong.visitkorea.or.kr/cms/resource/96/671596_image2_1.jpg,128.9104494,37.00157755,봉화 달실마을을 찾아,
http://tong.visitkorea.or.kr/cms/resource/16/893216_image2_1.jpg,128.7436005,36.90422719,봉화의 볼거리와 먹거리를 찾아,
http://tong.visitkorea.or.kr/cms/resource/21/1210321_image2_1.jpg,127.1002002,37.71205063,,
http://tong.visitkorea.or.kr/cms/resource/50/1459550_image2_1.jpg,129.0568164,35.27810077,부산 금정산에서 마음을 비우다,
http://tong.visitkorea.or.kr/cms/resource/86/1572286_image2_1.jpg,129.0870867,35.05047126,,
http://tong.visitkorea.or.kr/cms/resource/50/1763850_image2_1.jpg,129.1822755,35.15684723,"부산의 아름다운 낮과 밤을 느끼는 주경, 야경 여행",
http://tong.visitkorea.or.kr/cms/resource/49/1994249_image2_1.jpg,128.8419725,36.12980346,,
http://tong.visitkorea.or.kr/cms/resource/19/883219_image2_1.jpg,126.9202224,36.28901449,부여의 연꽃이 잔잔한 백제투어,
http://tong.visitkorea.or.kr/cms/resource/83/1229083_image2_1.jpg,129.0656154,35.48806346,,
http://tong.visitkorea.or.kr/cms/resource/39/760139_image2_1.jpg,126.8163264,37.50481685,부천의 초록심장을 찾아가는 자연탐방코스,
http://tong.visitkorea.or.kr/cms/resource/97/1859997_image2_1.jpg,127.1553199,38.19955031,북을 바라보는 연천 역사의 하루 코스,
http://tong.visitkorea.or.kr/cms/resource/04/1903904_image2_1.jpg,126.9829674,37.58127761,북촌을 중심으로 한 조선시대 생활 이야기,
http://tong.visitkorea.or.kr/cms/resource/75/172375_image2_1.jpg,127.8485514,38.18229577,분단과 평화의 의미를 되새겨보는 특별한 하루,
http://tong.visitkorea.or.kr/cms/resource/00/1918000_image2_1.jpg,127.3878346,35.40181523,분홍빛 능선을 걷다.,
http://tong.visitkorea.or.kr/cms/resource/76/216776_image2_1.jpg,128.5534785,35.5319463,불교문화의 정수와 늪의 신비를 찾아서...,
http://tong.visitkorea.or.kr/cms/resource/61/1200561_image2_1.jpg,129.2075047,35.82306449,,
http://tong.visitkorea.or.kr/cms/resource/73/1986973_image2_1.jpg,128.1360449,35.7667233,불심으로 새기고 지혜로 보존하다.,
http://tong.visitkorea.or.kr/cms/resource/71/1963071_image2_1.jpg,129.0324646,35.62107287,"붉은 단풍에 홀리고, 은빛 억새에 취하고",
http://tong.visitkorea.or.kr/cms/resource/18/605518_image2_1.jpg,128.013269,35.05850376,비봉내마을 농촌관광 코스 [웰촌],
http://tong.visitkorea.or.kr/cms/resource/19/179819_image2_1.jpg,129.2867249,35.84264155,빛으로 빛나는 경주의 야간투어 코스,
http://tong.visitkorea.or.kr/cms/resource/76/1583576_image2_1.jpg,128.95117,37.11974811,,
http://tong.visitkorea.or.kr/cms/resource/84/1619484_image2_1.jpg,128.4182317,35.54454519,사계절 변신하는 생태 천국,
http://tong.visitkorea.or.kr/cms/resource/11/1945811_image2_1.jpg,126.9768431,37.57602811,사라진 성곽길을 따라 걷기,
http://tong.visitkorea.or.kr/cms/resource/75/1611375_image2_1.jpg,128.0624644,35.07151706,,
http://tong.visitkorea.or.kr/cms/resource/82/1611382_image2_1.jpg,128.0936502,35.08414397,,
http://tong.visitkorea.or.kr/cms/resource/95/1611395_image2_1.jpg,127.9199488,35.08318823,사천의 역사탐방로 산책,
http://tong.visitkorea.or.kr/cms/resource/66/217566_image2_1.jpg,128.6909114,37.8062056,,
http://tong.visitkorea.or.kr/cms/resource/25/214925_image2_1.jpg,127.1873631,36.36551318,산사에서 21세기 밤하늘의 별과 과학체험을 함께,
http://tong.visitkorea.or.kr/cms/resource/76/2007476_image2_1.JPG,127.2324621,36.3568733,산세 깊은 계룡산에서 쾌적한 글램핑,
http://tong.visitkorea.or.kr/cms/resource/31/605431_image2_1.jpg,128.8799041,36.83926778,산에 오르는 것은 책 읽는 것과 같다? 봉화 청량산 코스,
http://tong.visitkorea.or.kr/cms/resource/04/1598704_image2_1.jpg,127.378921,36.05419379,산의 정기를 느끼려면 느리게 걸어라,
http://tong.visitkorea.or.kr/cms/resource/83/1912583_image2_1.jpg,127.9668165,35.41612379,산청군의 문화유적지 답사 1,
http://tong.visitkorea.or.kr/cms/resource/30/794730_image2_1.jpg,127.8997221,35.32122775,산청군의 문화유적지 답사 2,
http://tong.visitkorea.or.kr/cms/resource/54/792954_image2_1.jpg,127.8166203,35.34997581,산청군의 문화유적지 답사 3,
http://tong.visitkorea.or.kr/cms/resource/98/1619398_image2_1.jpg,128.4160844,35.55391076,"살아있는 자연사 박물관, 우포늪여행",
http://tong.visitkorea.or.kr/cms/resource/22/1615022_image2_1.jpg,128.2978862,36.56284678,"삼강주막마을, 회룡포마을, 출렁다리마을 코스 [웰촌]",
http://tong.visitkorea.or.kr/cms/resource/77/755377_image2_1.jpg,127.1861146,37.51813028,삼국시대 역사의 향기와 차 향기를 음미하다,
http://tong.visitkorea.or.kr/cms/resource/14/1892414_image2_1.jpg,126.8233372,36.89074641,,
http://tong.visitkorea.or.kr/cms/resource/02/1850602_image2_1.jpg,126.7640975,37.51703951,상상 그 이상의 판타지아! 부천으로 고고씽~,
http://tong.visitkorea.or.kr/cms/resource/08/1890308_image2_1.jpg,127.9232626,36.41639275,상주의 오래된 유적지와 자전거 역사 여행을 함께,
http://tong.visitkorea.or.kr/cms/resource/05/196005_image2_1.jpg,126.1376061,34.37842628,"상하조도, 섬을 누비다",
http://tong.visitkorea.or.kr/cms/resource/16/1954916_image2_1.jpg,126.9741997,38.12958019,,
http://tong.visitkorea.or.kr/cms/resource/97/1784497_image2_1.jpg,127.3397959,34.90709518,생명의 노래와 불경 소리가 심신을 달래주는 곳!,
http://tong.visitkorea.or.kr/cms/resource/93/2026493_image2_1.jpg,126.7851814,36.09167362,생태 관광의 제 맛을 보고 싶다면 서천으로!,
http://tong.visitkorea.or.kr/cms/resource/45/1870845_image2_1.jpg,127.3355089,36.33715793,,
http://tong.visitkorea.or.kr/cms/resource/71/1851971_image2_1.jpg,127.8467173,37.08087345,생활 속에 녹아든 예술과 자연을 만나다. 충주 민속공예거리 코스,
http://tong.visitkorea.or.kr/cms/resource/58/187958_image2_1.jpg,126.5947172,36.75189733,서산마애삼존불부터 개심사까지 아라메길을 걷다,
http://tong.visitkorea.or.kr/cms/resource/12/187912_image2_1.jpg,126.5488418,36.71290103,서산인들이 백제의 ‘미소’로 반겨주는 곳,
http://tong.visitkorea.or.kr/cms/resource/68/1967068_image2_1.jpg,126.8302468,37.52707285,서울 양천구 서서울호수공원 코스,
http://tong.visitkorea.or.kr/cms/resource/70/1568170_image2_1.jpg,126.9946597,37.52051544,서울 용산을 중심으로 알차게 하루 즐기기,
http://tong.visitkorea.or.kr/cms/resource/60/2377960_image2_1.jpg,126.9831046,37.54472075,서울 해방촌의 이국적인 맛집을 찾아서,
http://tong.visitkorea.or.kr/cms/resource/36/1567936_image2_1.jpg,126.978632,37.56914839,,
http://tong.visitkorea.or.kr/cms/resource/84/1809984_image2_1.jpg,126.9731155,37.58250229,서울에서 전통주 체험을 할 수 있는 곳,
http://tong.visitkorea.or.kr/cms/resource/20/862820_image2_1.jpg,126.9982989,37.49782369,서울의 거리에 핀 세계의 멋과 맛 서래마을 탐방,
http://tong.visitkorea.or.kr/cms/resource/52/1545552_image2_1.jpg,126.9968658,37.59365142,"서울의 놀거리, 볼거리를 하루에",
http://tong.visitkorea.or.kr/cms/resource/01/1945801_image2_1.jpg,126.9752993,37.55998551,서울의 대문 숭례문과 그 주변의 사람들을 찾아,
http://tong.visitkorea.or.kr/cms/resource/15/1356615_image2_1.jpg,126.9694944,37.5554276,서울의 랜드마크를 만나다,
http://tong.visitkorea.or.kr/cms/resource/78/1819178_image2_1.jpg,126.9148465,37.56007886,서울의 상수동 이색골목 탐방,
http://tong.visitkorea.or.kr/cms/resource/43/1569143_image2_1.jpg,126.9674195,37.5591438,서울의 순교성지 약현성당 탐방 코스,
http://tong.visitkorea.or.kr/cms/resource/82/1935782_image2_1.jpg,127.0110958,37.56736307,,
http://tong.visitkorea.or.kr/cms/resource/01/1568101_image2_1.jpg,126.9595474,37.57799146,서울의 역사 중심지를 걷다,
http://tong.visitkorea.or.kr/cms/resource/93/613093_image2_1.jpg,127.0427409,37.54149998,서울의 하이드파크와 전통시장,
http://tong.visitkorea.or.kr/cms/resource/63/2010763_image2_1.jpg,126.6653744,36.0223406,,
http://tong.visitkorea.or.kr/cms/resource/01/1946101_image2_1.jpg,126.7987055,36.0799252,,
http://tong.visitkorea.or.kr/cms/resource/62/1989062_image2_1.jpg,126.9732045,37.57920268,서촌에서 즐기는 즐거운 맛산책,
http://tong.visitkorea.or.kr/cms/resource/92/1731192_image2_1.jpg,126.7052713,37.45602889,,
http://tong.visitkorea.or.kr/cms/resource/28/1579328_image2_1.jpg,126.3540543,37.7233638,,
http://tong.visitkorea.or.kr/cms/resource/85/2031785_image2_1.jpg,126.2987719,36.74520412,서해바다를 붉게 물들이는 아침 해를 품에 안다.,
http://tong.visitkorea.or.kr/cms/resource/29/1598829_image2_1.jpg,126.5097753,36.31381569,,
http://tong.visitkorea.or.kr/cms/resource/48/212848_image2_1.jpg,126.8995684,36.19693578,서해의 농촌마을에서 체험의 하루,
http://tong.visitkorea.or.kr/cms/resource/34/1049634_image2_1.jpg,127.0611507,38.01228159,,
http://tong.visitkorea.or.kr/cms/resource/08/1583408_image2_1.jpg,128.3413168,38.11870701,,
http://tong.visitkorea.or.kr/cms/resource/96/1718696_image2_1.jpg,128.6875221,36.99882916,,
http://tong.visitkorea.or.kr/cms/resource/25/1049625_image2_1.jpg,127.1286678,38.07035103,선사유적지와 분단의 현장에 발을 딛다.,
http://tong.visitkorea.or.kr/cms/resource/93/1614893_image2_1.jpg,128.687611,36.99847921,선조들의 유유자적한 삶을 엿보러 영주로!,
http://tong.visitkorea.or.kr/cms/resource/98/920198_image2_1.jpg,127.4127675,37.28132849,설봉산 일대의 산책과 미술관 관람,
http://tong.visitkorea.or.kr/cms/resource/35/1186135_image2_1.jpg,128.6084078,38.16302924,,
http://tong.visitkorea.or.kr/cms/resource/62/1955862_image2_1.jpg,128.4216048,38.0888787,설악이 숨겨 놓은 비경을 오르다,
http://tong.visitkorea.or.kr/cms/resource/09/213309_image2_1.jpg,128.7118379,34.76965968,,
http://tong.visitkorea.or.kr/cms/resource/62/1720562_image2_1.jpg,127.5554488,34.59153703,섬과 섬을 넘나드는 바다 여행,
http://tong.visitkorea.or.kr/cms/resource/42/219742_image2_1.jpg,127.1097294,35.58918365,섬진강 따라 흐르는 그리움,
http://tong.visitkorea.or.kr/cms/resource/07/575207_image2_1.jpg,127.3870555,35.13177904,,
http://tong.visitkorea.or.kr/cms/resource/39/750339_image2_1.jpg,127.1504495,37.38030395,성남의 멋과 맛을 찾아가는 식도락여행,
http://tong.visitkorea.or.kr/cms/resource/96/1927896_image2_1.jpg,126.9937771,37.59853136,,
http://tong.visitkorea.or.kr/cms/resource/04/1554804_image2_1.jpg,127.0022962,37.58089745,성안 마을 혜화동의 어제와 오늘,
http://tong.visitkorea.or.kr/cms/resource/28/1601228_image2_1.jpg,126.8983962,36.30485674,성흥산성의 사랑나무를 만나러 가는 길,
http://tong.visitkorea.or.kr/cms/resource/75/2023675_image2_1.jpg,126.7044055,35.43032809,세계 최대 고인돌 왕국,
http://tong.visitkorea.or.kr/cms/resource/39/1927539_image2_1.JPG,127.1884128,37.47667957,세계유산 성곽에서 야경에 취하다.,
http://tong.visitkorea.or.kr/cms/resource/95/2034195_image2_1.jpg,126.9664408,37.59272599,세련됨에 깃든 촌스러움이 정겹다. 부암동,
http://tong.visitkorea.or.kr/cms/resource/27/1644427_image2_1.jpg,128.5931963,35.86573987,,
http://tong.visitkorea.or.kr/cms/resource/25/637725_image2_1.jpg,128.5550331,36.93302865,소백산 산행과 풍기 인삼장,
http://tong.visitkorea.or.kr/cms/resource/98/2026198_image2_1.jpg,127.6917508,35.13588108,,
http://tong.visitkorea.or.kr/cms/resource/98/1597098_image2_1.jpg,127.4693633,36.65209367,,
http://tong.visitkorea.or.kr/cms/resource/40/2366340_image2_1.jpg,126.9202224,36.28901449,소중한 백제 문화의 터전 부여,
http://tong.visitkorea.or.kr/cms/resource/59/609459_image2_1.jpg,127.8155472,36.51727093,,
http://tong.visitkorea.or.kr/cms/resource/08/506408_image2_1.jpg,128.5716567,38.21487805,,
http://tong.visitkorea.or.kr/cms/resource/20/2034920_image2_1.jpg,126.6651301,36.02095187,솔숲과 갈대밭을 거닐다,
http://tong.visitkorea.or.kr/cms/resource/18/1589318_image2_1.jpg,127.387899,37.42180344,수도권 최고의 친환경 청정도시 광주로의 초대,
http://tong.visitkorea.or.kr/cms/resource/07/731607_image2_1.jpg,127.8034467,36.67330283,,
http://tong.visitkorea.or.kr/cms/resource/95/1589795_image2_1.jpg,126.926134,37.37351739,,
http://tong.visitkorea.or.kr/cms/resource/04/1600004_image2_1.jpg,127.2160877,36.38923042,수많은 백제 유물들이 그 빛을 발하는 순간들,
http://tong.visitkorea.or.kr/cms/resource/77/1611177_image2_1.jpg,127.8334829,35.76068244,,
http://tong.visitkorea.or.kr/cms/resource/82/728982_image2_1.jpg,127.000085,37.29701646,"수원화성의 도시, 수원에서 즐기는 특별한 여행",
http://tong.visitkorea.or.kr/cms/resource/80/1604380_image2_1.jpg,127.0555724,35.39841545,"순창의 맛, 고추장",
http://tong.visitkorea.or.kr/cms/resource/63/1954563_image2_1.jpg,127.275563,35.00219727,순천으로 가는 민속마을 길,
http://tong.visitkorea.or.kr/cms/resource/23/565323_image2_1.jpg,127.8656924,37.01846432,"술, 문화에 녹아들다.  세계술문화박물관 리쿼리움 코스",
http://tong.visitkorea.or.kr/cms/resource/19/2020519_image2_1.jpg,127.7003064,38.09644467,"숲과 호수에서 즐기는 산소욕, 더위야 물렀거라",
http://tong.visitkorea.or.kr/cms/resource/89/1604189_image2_1.jpg,126.6498851,35.66280632,,
http://tong.visitkorea.or.kr/cms/resource/85/608085_image2_1.jpg,127.3415533,36.21553305,"숲에서 힐링, 온천에서 힐링",
http://tong.visitkorea.or.kr/cms/resource/42/565342_image2_1.jpg,128.0956247,36.81833322,숲을 갖기에 충분한 시간 만수계곡 자연관찰,
http://tong.visitkorea.or.kr/cms/resource/58/194858_image2_1.jpg,127.8150878,37.33840426,,
http://tong.visitkorea.or.kr/cms/resource/46/795046_image2_1.jpg,126.8488961,36.68264862,,
http://tong.visitkorea.or.kr/cms/resource/13/572913_image2_1.jpg,126.0983476,35.00247483,슬로시티 증도여행,
http://tong.visitkorea.or.kr/cms/resource/46/2049346_image2_1.JPG,127.1012824,37.65077722,슬로우 슬로우~ 시원한 강바람을 맞으며 달리다.,
http://tong.visitkorea.or.kr/cms/resource/98/2382598_image2_1.jpg,128.1330261,36.65351392,승마는 교감이라고 합니다. 말과 함께 느껴보세요.,
http://tong.visitkorea.or.kr/cms/resource/53/1891353_image2_1.jpg,127.9163375,36.54203382,,
http://tong.visitkorea.or.kr/cms/resource/67/1851967_image2_1.jpg,127.8467173,37.08087345,시간은 강물 따라 흐르고 이야기만 남았네 목계나루의 자취,
http://tong.visitkorea.or.kr/cms/resource/25/1921125_image2_1.JPG,126.9600296,38.00641377,시간이 멈춘 듯한 풍경,
http://tong.visitkorea.or.kr/cms/resource/47/2003147_image2_1.jpg,127.6240887,35.18798514,,
http://tong.visitkorea.or.kr/cms/resource/70/1876170_image2_1.jpg,128.6353948,35.78785502,시원한 물놀이 후 즐기는 대구의 찐빵,
http://tong.visitkorea.or.kr/cms/resource/06/2010706_image2_1.jpg,128.881635,37.74499972,시원한 바다를 보며 달콤고소 빵여행,
http://tong.visitkorea.or.kr/cms/resource/29/1596729_image2_1.jpg,127.6719465,36.4023537,,
http://tong.visitkorea.or.kr/cms/resource/54/2373554_image2_1.png,126.6830764,37.54278508,신개념 운동 놀이터와 에코공원을 걷다.,
http://tong.visitkorea.or.kr/cms/resource/86/1946486_image2_1.jpg,126.8978964,35.22321592,신나는 광주패밀리랜드 눈썰매장에서 하루를 즐겁게...,
http://tong.visitkorea.or.kr/cms/resource/55/978255_image2_1.jpg,129.2968104,35.83424547,,
http://tong.visitkorea.or.kr/cms/resource/58/775058_image2_1.jpg,129.222691,35.86742643,"신라의 달밤을 걷는 길, 경주의 백미",
http://tong.visitkorea.or.kr/cms/resource/14/1164114_image2_1.jpg,129.2308,35.81897372,,
http://tong.visitkorea.or.kr/cms/resource/53/179653_image2_1.jpg,129.2867249,35.84264155,신라의 화려한 역사와 문화를 만나다,
http://tong.visitkorea.or.kr/cms/resource/48/1200648_image2_1.jpg,129.2286026,35.82933918,,
http://tong.visitkorea.or.kr/cms/resource/65/1581365_image2_1.jpg,128.8776815,37.77876518,신사임당과 허난설헌을 낳은 고장 강릉에 가다,
http://tong.visitkorea.or.kr/cms/resource/84/1579084_image2_1.jpg,126.4856637,37.74965749,심도 역사 문화길을 따라 걷다,
http://tong.visitkorea.or.kr/cms/resource/70/1193570_image2_1.jpg,128.3790123,38.330983,,
http://tong.visitkorea.or.kr/cms/resource/65/2043365_image2_1.jpg,126.9863276,35.32515867,심신에 좋은 것들은 다 모였다.,
http://tong.visitkorea.or.kr/cms/resource/54/1625654_image2_1.jpg,126.7108545,35.9913838,,
http://tong.visitkorea.or.kr/cms/resource/27/1103227_image2_1.jpg,127.0226167,37.18253845,,
http://tong.visitkorea.or.kr/cms/resource/00/1495600_image2_1.jpg,126.9137681,36.88233786,아기자기한 성당과 정원을 찾아 힐링 여행,
http://tong.visitkorea.or.kr/cms/resource/47/745947_image2_1.jpg,126.9251672,37.6753823,아기자기한 탐방으로 소소한 기쁨을 누리다,
http://tong.visitkorea.or.kr/cms/resource/94/1856994_image2_1.jpg,128.4029071,35.26915927,아라가야의 역사를 담은 타임캡슐,
http://tong.visitkorea.or.kr/cms/resource/00/1836000_image2_1.jpg,127.316294,37.53321422,아름다운 강변을 따라 가며 낭만 여행자가 되다,
http://tong.visitkorea.or.kr/cms/resource/61/1817061_image2_1.jpg,127.5189645,34.86838871,아름다운 자연과 민속 고유의 전통이 공존하는 순천으로의 여행,
http://tong.visitkorea.or.kr/cms/resource/50/1636050_image2_1.jpg,128.171707,37.00395776,아름다운 청풍호를 즐기다,
http://tong.visitkorea.or.kr/cms/resource/57/1583557_image2_1.jpg,127.814806,37.94522277,아름다운 호수 풍광이 마음을 치유하는 힐링 여행,
http://tong.visitkorea.or.kr/cms/resource/01/1992801_image2_1.jpg,126.304973,34.5716073,아리랑 장단이 흥겨워 ‘아라리요’,
http://tong.visitkorea.or.kr/cms/resource/43/1727243_image2_1.jpg,128.1344882,37.00304051,아슬아슬 올라 아찔한 풍광에 감동하다,
http://tong.visitkorea.or.kr/cms/resource/26/1930626_image2_1.jpg,126.6669944,37.54700652,아시아경기대회장을 중심으로 가족 체험여행,
http://tong.visitkorea.or.kr/cms/resource/71/879971_image2_1.jpg,127.2231624,36.78349639,아우내 장터에 울려퍼진 역사의 길,
http://tong.visitkorea.or.kr/cms/resource/26/2042226_image2_1.jpg,127.4507475,37.27637697,,
http://tong.visitkorea.or.kr/cms/resource/08/2391408_image2_1.jpg,126.4504416,35.44772186,,
http://tong.visitkorea.or.kr/cms/resource/80/1583980_image2_1.jpg,128.1643817,37.41927365,아이들과 쉽고 즐겁게 떠나는 숲 여행,
http://tong.visitkorea.or.kr/cms/resource/57/1855957_image2_1.jpg,126.9696584,37.94101603,아이와 함께하는 파주의 체험코스,
http://tong.visitkorea.or.kr/cms/resource/56/1824356_image2_1.jpg,127.1403475,37.77521067,"아프리카 춤과 노래에 반하고, 호수 둘레길에 매료되다",
http://tong.visitkorea.or.kr/cms/resource/31/1598431_image2_1.jpg,128.083247,36.85738962,악 소리나는 험준한 월악산에 오르다,
http://tong.visitkorea.or.kr/cms/resource/81/1322281_image2_1.jpg,127.7456535,35.06204033,악양 슬로우시티에서 즐기는 느릿느릿 시간,
http://tong.visitkorea.or.kr/cms/resource/77/568177_image2_1.jpg,128.738947,36.56335219,안동호를 따라 퇴계 선생을 만나러 가볼까?,
http://tong.visitkorea.or.kr/cms/resource/50/1589650_image2_1.jpg,126.6460728,37.19236954,안산 앞바다에서 하루 즐겁게,
http://tong.visitkorea.or.kr/cms/resource/90/1806690_image2_1.jpg,126.8488469,37.26083185,안산에서 즐기는 시원스런 전망과 즐거운 체험,
http://tong.visitkorea.or.kr/cms/resource/49/734449_image2_1.jpg,126.8336894,37.38211197,,
http://tong.visitkorea.or.kr/cms/resource/83/1796483_image2_1.jpg,126.6022649,37.2199628,"안산으로 떠나는 미술관, 전시관 여행",
http://tong.visitkorea.or.kr/cms/resource/49/1790449_image2_1.jpg,128.9906406,37.14834836,안전을 체험하다.,
http://tong.visitkorea.or.kr/cms/resource/62/2370962_image2_1.JPG,127.0809904,37.43418812,"알짜배기 도심 치유여행, 성남",
http://tong.visitkorea.or.kr/cms/resource/65/1998765_image2_1.jpg,128.0510169,34.79839748,"알짜배기 자연 치유여행, 남해",
http://tong.visitkorea.or.kr/cms/resource/62/1617062_image2_1.jpg,126.4987918,33.2607036,"야구박물관에서 부터 바닷길이 열리는 신비의 섬 까지, 서귀포 강정 여행",
http://tong.visitkorea.or.kr/cms/resource/18/1596818_image2_1.jpg,128.0837937,37.1612158,,
http://tong.visitkorea.or.kr/cms/resource/79/1676679_image2_1.jpg,127.7687216,35.56597556,"양반의 고장, 함양의 화림동계곡을 걷다",
http://tong.visitkorea.or.kr/cms/resource/81/1201381_image2_1.jpg,128.343514,37.00050303,,
http://tong.visitkorea.or.kr/cms/resource/95/1229495_image2_1.jpg,129.1047971,35.4243519,양산에 신선도 반할 비경이 숨어 있다,
http://tong.visitkorea.or.kr/cms/resource/89/1185889_image2_1.jpg,128.6615081,38.0867947,,
http://tong.visitkorea.or.kr/cms/resource/54/217454_image2_1.jpg,128.7353257,38.02106766,,
http://tong.visitkorea.or.kr/cms/resource/71/2389971_image2_1.JPG,127.9235757,35.10605239,,
http://tong.visitkorea.or.kr/cms/resource/65/1938165_image2_1.JPG,127.1926761,36.99068587,"얼씨구 어깨가 들썩, 덩더꿍 흥이 절로",
http://tong.visitkorea.or.kr/cms/resource/01/2384201_image2_1.jpg,128.2381489,38.01068427,엑티브한 이색스포츠를 즐기려면 강원도로 가라,
http://tong.visitkorea.or.kr/cms/resource/64/2023664_image2_1.jpg,126.4835369,35.51734506,,
http://tong.visitkorea.or.kr/cms/resource/32/221632_image2_1.jpg,128.824718,36.9130305,여름에 더위를 피하러 가기 좋은 곳,
http://tong.visitkorea.or.kr/cms/resource/88/2036088_image2_1.JPG,127.9781992,37.01170606,여백과 낙엽 향 가득한 하룻밤,
http://tong.visitkorea.or.kr/cms/resource/40/1812940_image2_1.jpg,127.7393265,34.73079683,여수 도심을 가로질러 오동도까지 걸어라,
http://tong.visitkorea.or.kr/cms/resource/67/1607867_image2_1.jpg,127.7670431,34.74496795,여수 앞바다와 이순신 유적지를 찾아 떠나는 여행,
http://tong.visitkorea.or.kr/cms/resource/57/1918857_image2_1.jpg,126.9203499,37.51896151,여의도 샛강을 따라 걷는 길,
http://tong.visitkorea.or.kr/cms/resource/22/2357922_image2_1.jpg,126.7998099,36.74688481,,
http://tong.visitkorea.or.kr/cms/resource/83/1306383_image2_1.jpg,127.1012197,35.99015734,역사 위에 피어난 봄,
http://tong.visitkorea.or.kr/cms/resource/70/1032670_image2_1.jpg,2.01709E+13,6866,,
http://tong.visitkorea.or.kr/cms/resource/83/1148983_image2_1.jpg,126.8724974,37.66233843,역사와 예술을 만나다 원당 파주,
http://tong.visitkorea.or.kr/cms/resource/72/2025972_image2_1.jpg,127.1495005,35.81618632,역사의 향기 그윽한 전통마을 나홀로 여행 1,
http://tong.visitkorea.or.kr/cms/resource/95/2002295_image2_1.jpg,126.860477,37.43903639,,
http://tong.visitkorea.or.kr/cms/resource/23/750423_image2_1.jpg,127.6555589,37.39288946,역사의 흔적을 찾아 떠나는 여주 탐방,
http://tong.visitkorea.or.kr/cms/resource/31/1916731_image2_1.JPG,128.3223776,34.97301051,연둣빛 신록으로 빛나는 숲,
http://tong.visitkorea.or.kr/cms/resource/06/760306_image2_1.jpg,126.8043276,37.40250908,"연을 처음 재배한 고장, 시흥의 명소들을 만나다",
http://tong.visitkorea.or.kr/cms/resource/31/1230631_image2_1.jpg,129.4468582,36.50809701,연인들의 일출 순례지 영덕 해맞이공원,
http://tong.visitkorea.or.kr/cms/resource/63/693063_image2_1.jpg,127.3420478,37.21898997,,
http://tong.visitkorea.or.kr/cms/resource/44/219544_image2_1.jpg,128.961344,35.58535612,,
http://tong.visitkorea.or.kr/cms/resource/68/183168_image2_1.jpg,129.3662584,36.64636304,영덕의 문화유적 코스 1,
http://tong.visitkorea.or.kr/cms/resource/35/201835_image2_1.jpg,129.3946681,36.51421197,영덕의 문화유적 코스 2,
http://tong.visitkorea.or.kr/cms/resource/87/1071387_image2_1.jpg,128.9458947,35.10442929,,
http://tong.visitkorea.or.kr/cms/resource/39/764639_image2_1.jpg,127.7000659,36.21324803,"영동에서 만나는 국악, 체험 여행",
http://tong.visitkorea.or.kr/cms/resource/91/1073391_image2_1.jpg,126.6852119,34.79170823,영암의 명물 기찬랜드와 낙지요리 코스,
http://tong.visitkorea.or.kr/cms/resource/35/898435_image2_1.jpg,129.1280904,36.55884343,영양의 문학동네를 찾아 떠나다,
http://tong.visitkorea.or.kr/cms/resource/05/2005005_image2_1.jpg,128.5363651,37.13036952,영월의 국수사랑 삼시세끼 코스,
http://tong.visitkorea.or.kr/cms/resource/45/2368445_image2_1.jpg,129.1405651,35.16092934,,
http://tong.visitkorea.or.kr/cms/resource/92/1877592_image2_1.jpg,129.1191457,35.1249663,,
http://tong.visitkorea.or.kr/cms/resource/55/1894055_image2_1.jpg,126.8502516,36.67956288,,
http://tong.visitkorea.or.kr/cms/resource/21/691921_image2_1.jpg,128.4196081,36.68146603,예천의 체험장과 마지막 남은 주막에서 막걸리 한잔을...,
http://tong.visitkorea.or.kr/cms/resource/55/175655_image2_1.jpg,128.7223102,37.4781358,,
http://tong.visitkorea.or.kr/cms/resource/31/654531_image2_1.jpg,126.9911251,37.57927244,옛 서울의 아름다움에 반하다,
http://tong.visitkorea.or.kr/cms/resource/76/1607976_image2_1.jpg,126.620099,34.76160221,옛 정취가 잠든 오래된 도시를 걷다.,
http://tong.visitkorea.or.kr/cms/resource/51/219751_image2_1.jpg,128.22341,36.73978348,,
http://tong.visitkorea.or.kr/cms/resource/35/1858635_image2_1.jpg,126.6750074,36.42746104,옛집 담긴 은행나무 마을서 ‘황금빛 향연’,
http://tong.visitkorea.or.kr/cms/resource/59/191559_image2_1.jpg,128.3509753,37.62578663,,
http://tong.visitkorea.or.kr/cms/resource/58/1589258_image2_1.jpg,126.8390916,37.68021908,오붓하게 사랑하는 사람들과 함께 고양으로!,
http://tong.visitkorea.or.kr/cms/resource/48/1644448_image2_1.jpg,128.5204171,35.74809073,,
http://tong.visitkorea.or.kr/cms/resource/52/1618752_image2_1.jpg,126.3938447,33.41216576,,
http://tong.visitkorea.or.kr/cms/resource/71/531371_image2_1.jpg,127.3963436,35.9798609,온몸을 감싸는 피톤치드와 홍삼의 향기,
http://tong.visitkorea.or.kr/cms/resource/00/1023900_image2_1.jpg,129.0814742,35.22003829,온천욕 뒤 곰장어와 파전으로 몸보신,
http://tong.visitkorea.or.kr/cms/resource/78/1797078_image2_1.jpg,129.4206078,37.05792265,"온천으로 뜨끈하게 달구고, 대게로 몸보신",
http://tong.visitkorea.or.kr/cms/resource/85/593785_image2_1.jpg,126.8589156,36.75028267,온천의 고장에서 즐기는 스파와 캠핑,
http://tong.visitkorea.or.kr/cms/resource/37/1056337_image2_1.jpg,128.6300555,36.01680955,,
http://tong.visitkorea.or.kr/cms/resource/40/2022240_image2_1.jpg,129.0395159,37.1789208,올 여름 무더위는 강원도의 시원한 트래킹으로 이기자.,
http://tong.visitkorea.or.kr/cms/resource/23/530623_image2_1.jpg,129.3605738,35.3589668,"옹기, 선조의 지혜를 배우다",
http://tong.visitkorea.or.kr/cms/resource/65/1579265_image2_1.jpg,126.4356037,37.77391211,왕골공예마을 가는 길,
http://tong.visitkorea.or.kr/cms/resource/66/1768966_image2_1.jpg,129.1878424,35.82506944,왕에게 가다,
http://tong.visitkorea.or.kr/cms/resource/72/220572_image2_1.jpg,127.7410129,36.48956997,,
http://tong.visitkorea.or.kr/cms/resource/74/218974_image2_1.jpg,126.5085389,36.32686139,외연도 상록수림에서 즐기는 힐링 여행,
http://tong.visitkorea.or.kr/cms/resource/60/1098860_image2_1.jpg,127.5753728,37.55058361,용문산자락에서 즐기는 숲속여행,
http://tong.visitkorea.or.kr/cms/resource/16/1810116_image2_1.jpg,126.5018864,35.13527478,,
http://tong.visitkorea.or.kr/cms/resource/81/1747581_image2_1.jpg,126.9648561,36.95014205,우리 것의 즐거움을 배우는 곳,
http://tong.visitkorea.or.kr/cms/resource/05/1571805_image2_1.jpg,129.0956929,35.20161284,,
http://tong.visitkorea.or.kr/cms/resource/46/1751646_image2_1.jpg,126.2029752,36.84316617,우리나라 최대의 신두리 해안사구 고운 모래를 밟아보자.,
http://tong.visitkorea.or.kr/cms/resource/10/2014010_image2_1.jpg,128.4412777,36.99103374,우리나라 최초 페러글라이딩 활공장에서 자연을 느끼다. [웰촌],
http://tong.visitkorea.or.kr/cms/resource/49/1332749_image2_1.jpg,127.4137289,36.87071755,,
http://tong.visitkorea.or.kr/cms/resource/16/1989216_image2_1.jpg,126.9782132,36.6472744,우암산 자락에서 바라보는 청주의 야경,
http://tong.visitkorea.or.kr/cms/resource/82/187182_image2_1.jpg,129.15851,37.4787553,,
http://tong.visitkorea.or.kr/cms/resource/07/2020507_image2_1.jpg,127.7003064,38.09644467,울긋불긋 단풍의 바다에 풍덩,
http://tong.visitkorea.or.kr/cms/resource/45/1893645_image2_1.jpg,130.8983938,37.48849494,울릉도에서 독도에 서다,
http://tong.visitkorea.or.kr/cms/resource/14/1358514_image2_1.jpg,129.4422952,35.6282631,,
http://tong.visitkorea.or.kr/cms/resource/97/2020497_image2_1.jpg,129.3810569,35.50270383,,
http://tong.visitkorea.or.kr/cms/resource/62/1588262_image2_1.jpg,129.2409288,35.65190941,울주 문화유산 코스 1,
http://tong.visitkorea.or.kr/cms/resource/24/217724_image2_1.jpg,129.0323924,35.6210201,울주 문화유산 코스 2,
http://tong.visitkorea.or.kr/cms/resource/42/183242_image2_1.jpg,129.4126169,36.96527476,울진 광동팔경에서 아름다운 동해안 해변을 거닐다,
http://tong.visitkorea.or.kr/cms/resource/10/183310_image2_1.jpg,129.4206078,37.05792265,울진 앞바다를 보며 문화와 풍광에 젖어들다,
http://tong.visitkorea.or.kr/cms/resource/33/217533_image2_1.jpg,129.3177329,37.08122075,울진의 바다를 보다,
http://tong.visitkorea.or.kr/cms/resource/85/1150385_image2_1.jpg,126.8685255,37.66399094,,
http://tong.visitkorea.or.kr/cms/resource/28/1583728_image2_1.jpg,128.1465168,37.78478933,원시 자연의 아름다움을 만끽하는 홍천 계곡 여행,
http://tong.visitkorea.or.kr/cms/resource/08/754908_image2_1.jpg,127.9504947,37.34781402,원주 시내탐방 코스,
http://tong.visitkorea.or.kr/cms/resource/28/738228_image2_1.jpg,128.0268771,37.33344488,원주 치악산을 중심으로 문화탐방길,
http://tong.visitkorea.or.kr/cms/resource/44/589644_image2_1.jpg,128.0182024,37.34977061,원주 행구동의 호젓한 카페길 코스,
http://tong.visitkorea.or.kr/cms/resource/00/754900_image2_1.jpg,127.9504669,37.34783068,,
http://tong.visitkorea.or.kr/cms/resource/38/192538_image2_1.jpg,126.7482502,34.58780996,월출산과 백련사에서 바라다 보이는 한결같은 정경,
http://tong.visitkorea.or.kr/cms/resource/98/1009498_image2_1.jpg,126.7206176,34.77279428,월출산국립공원의 절경을 감상하다,
http://tong.visitkorea.or.kr/cms/resource/75/778575_image2_1.jpg,126.6196691,34.50369783,월출산의 기를 받으며 힐링해 볼까?,
http://tong.visitkorea.or.kr/cms/resource/90/1589190_image2_1.jpg,126.8980045,37.62604311,유네스코 지정 문화유산 안을 거닐다,
http://tong.visitkorea.or.kr/cms/resource/20/1954920_image2_1.jpg,126.9359563,34.45958578,,
http://tong.visitkorea.or.kr/cms/resource/18/1732618_image2_1.jpg,128.6550327,36.05765815,,
http://tong.visitkorea.or.kr/cms/resource/76/1967176_image2_1.jpg,128.699129,36.34634562,의성마늘시장 맛집을 찾아서,
http://tong.visitkorea.or.kr/cms/resource/85/2050685_image2_1.jpg,126.6368541,37.39676512,,
http://tong.visitkorea.or.kr/cms/resource/57/1604057_image2_1.jpg,127.3876068,35.40249571,,
http://tong.visitkorea.or.kr/cms/resource/71/809071_image2_1.jpg,128.4834881,34.77932672,이순신 장군의 흔적을 따라가는 여행,
http://tong.visitkorea.or.kr/cms/resource/97/1591097_image2_1.jpg,127.3905226,37.26782409,이천의 등산여행 코스,
http://tong.visitkorea.or.kr/cms/resource/89/533689_image2_1.jpg,126.7855203,36.81921234,,
http://tong.visitkorea.or.kr/cms/resource/70/1577670_image2_1.jpg,126.5978472,37.47528864,인천 도심을 즐기다,
http://tong.visitkorea.or.kr/cms/resource/24/1933024_image2_1.jpg,126.6214229,37.47370869,인천 중구 반일 도보코스,
http://tong.visitkorea.or.kr/cms/resource/24/1933024_image2_1.jpg,126.6214229,37.47370869,인천의 구석구석 숨은 명물을 찾아서...,
http://tong.visitkorea.or.kr/cms/resource/92/1193592_image2_1.jpg,126.6211117,37.47460024,인천의 근현대의 흔적을 만나다,
http://tong.visitkorea.or.kr/cms/resource/64/1990464_image2_1.jpg,126.7373783,37.39866389,인천의 명물빵 여행,
http://tong.visitkorea.or.kr/cms/resource/14/1578914_image2_1.jpg,126.6906787,37.4360865,인천의 박물관 코스,
http://tong.visitkorea.or.kr/cms/resource/68/1851968_image2_1.jpg,127.8816811,37.07385823,일상에서 벗어나 자연과 함께하는 충주 힐링 여행,
http://tong.visitkorea.or.kr/cms/resource/06/2034706_image2_1.jpg,127.2865027,38.18644592,임꺽정이 호령하던 한탄강의 비경,
http://tong.visitkorea.or.kr/cms/resource/21/1743721_image2_1.jpg,128.0391768,36.53229551,임진왜란 불패 신화 정기룡 장군을 만나다,
http://tong.visitkorea.or.kr/cms/resource/57/2003357_image2_1.jpg,128.0745339,36.75917851,입맛 돋는 문경의 삼시세끼 코스,
http://tong.visitkorea.or.kr/cms/resource/22/1989822_image2_1.jpg,126.5982321,33.43194182,,
http://tong.visitkorea.or.kr/cms/resource/76/1002976_image2_1.jpg,128.2604352,35.72095295,,
http://tong.visitkorea.or.kr/cms/resource/40/2001440_image2_1.jpg,129.1097937,37.51740267,잊힌 묵호항의 이야기를 듣다.,
http://tong.visitkorea.or.kr/cms/resource/97/2020497_image2_1.jpg,129.3815096,35.50525355,자! 떠나자! 울산에 고래 잡으러!,
http://tong.visitkorea.or.kr/cms/resource/88/2026088_image2_1.jpg,128.6027272,37.08370114,자수려한 영월의 정취와 민속적인 아름다움을 찾아 떠나는 여행,
http://tong.visitkorea.or.kr/cms/resource/89/678889_image2_1.jpg,127.8040299,34.59158019,자연 그대로의 아름다움을 느끼는 여수여행,
http://tong.visitkorea.or.kr/cms/resource/20/765620_image2_1.jpg,127.1767421,37.75283338,자연 속에 깃든 남양주 역사기행,
http://tong.visitkorea.or.kr/cms/resource/90/1959590_image2_1.JPG,126.8428602,37.99087458,자연 속에서 즐기는 휴식 같은 캠핑,
http://tong.visitkorea.or.kr/cms/resource/00/1836000_image2_1.jpg,127.3158524,37.53338364,"자연 속에서 한바탕 펼쳐지는 가을잔치, 양평 (웰촌)",
http://tong.visitkorea.or.kr/cms/resource/13/1225613_image2_1.jpg,127.7187796,37.81924396,자연과 문학을 만나는 춘천 여행,
http://tong.visitkorea.or.kr/cms/resource/09/760009_image2_1.jpg,126.7919145,37.51302102,자연보다 더 아름다운 공원산책 코스,
http://tong.visitkorea.or.kr/cms/resource/77/202177_image2_1.jpg,129.4033648,36.9699546,,
http://tong.visitkorea.or.kr/cms/resource/70/1589970_image2_1.jpg,127.4069621,37.09494991,자연을 벗삼아 즐기는 체험여행,
http://tong.visitkorea.or.kr/cms/resource/99/1830399_image2_1.jpg,128.3972467,35.05450271,자연을 품은 가을밤의 서정,
http://tong.visitkorea.or.kr/cms/resource/97/1803897_image2_1.jpg,128.4160844,35.55391076,"자연을 품은 곳, 창녕 우포늪과 의령 한우산",
http://tong.visitkorea.or.kr/cms/resource/54/1606954_image2_1.jpg,126.4161203,34.85435785,"자연이 준 선물, 백련지와 청정 갯벌",
http://tong.visitkorea.or.kr/cms/resource/80/1536980_image2_1.jpg,128.1283925,37.25704448,자연이고 예술이고 가는 곳마다 힐링 버스!,
http://tong.visitkorea.or.kr/cms/resource/90/2492590_image2_1.JPG,128.2550542,36.45323351,,
http://tong.visitkorea.or.kr/cms/resource/63/1567863_image2_1.jpg,127.1017973,37.51584291,잠실 관광특구 코스,
http://tong.visitkorea.or.kr/cms/resource/51/1592051_image2_1.jpg,126.9421862,37.73601721,장흥에서 즐기는 체험놀이 코스,
http://tong.visitkorea.or.kr/cms/resource/71/1374171_image2_1.jpg,126.9265437,34.66850387,장흥의 아름다운 산을 만나다,
http://tong.visitkorea.or.kr/cms/resource/71/2000171_image2_1.jpg,127.2375583,34.9916617,"재미와 교육, 추억까지 그득한 화순 여행기",
http://tong.visitkorea.or.kr/cms/resource/18/948618_image2_1.jpg,127.5264716,34.44647496,전남 여수시 우주과학 체험여행,
http://tong.visitkorea.or.kr/cms/resource/29/1602929_image2_1.jpg,126.7030889,35.4325667,전북 고창 온천해수찜,
http://tong.visitkorea.or.kr/cms/resource/88/1954588_image2_1.jpg,126.7044055,35.43032809,전북 고창의 문화와 자연을 찾아서,
http://tong.visitkorea.or.kr/cms/resource/41/220441_image2_1.jpg,127.7771924,35.90243757,전북 무주에서의 하루 보내기,
http://tong.visitkorea.or.kr/cms/resource/81/1605281_image2_1.jpg,127.2727378,35.67119938,전북 임실군 순창체험여행,
http://tong.visitkorea.or.kr/cms/resource/97/177597_image2_1.jpg,127.8669201,37.0170895,전장의 중원에서 평안의 중원으로 중앙탑 사적공원과 충주박물관,
http://tong.visitkorea.or.kr/cms/resource/04/1954304_image2_1.jpg,127.1451175,35.81822768,,
http://tong.visitkorea.or.kr/cms/resource/44/1603944_image2_1.jpg,127.0534615,35.72274529,,
http://tong.visitkorea.or.kr/cms/resource/65/1605565_image2_1.jpg,127.1588414,35.81194808,,
http://tong.visitkorea.or.kr/cms/resource/98/1583498_image2_1.jpg,127.4899619,37.71447135,젊음의 낭만이 가득한 물의 여정,
http://tong.visitkorea.or.kr/cms/resource/38/670738_image2_1.jpg,128.6645128,37.38042373,,
http://tong.visitkorea.or.kr/cms/resource/57/1605657_image2_1.jpg,126.862269,35.55190864,정읍여행의 백미를 담다,
http://tong.visitkorea.or.kr/cms/resource/29/1092229_image2_1.jpg,127.0189531,37.28267402,정조의 마음을 따라 화성을 걷다,
http://tong.visitkorea.or.kr/cms/resource/27/187327_image2_1.jpg,126.6219728,37.17148821,제부도 바닷길을 가르고 모세처럼 걷기,
http://tong.visitkorea.or.kr/cms/resource/68/780468_image2_1.jpg,126.6928183,33.43231274,제주도 세계자연유산 탐방 1 코스,
http://tong.visitkorea.or.kr/cms/resource/96/573996_image2_1.jpg,126.6598791,33.44885205,제주도 세계자연유산 탐방 3 코스,
http://tong.visitkorea.or.kr/cms/resource/96/600096_image2_1.jpg,126.5471207,33.51619002,제주의 여장부 김만덕을 따라 걷는 산책,
http://tong.visitkorea.or.kr/cms/resource/56/2362756_image2_1.jpg,126.6765039,33.27237736,,
http://tong.visitkorea.or.kr/cms/resource/62/2020762_image2_1.jpg,127.9273164,34.91446842,"조개 캐고, 쏙 잡고, 맨손 고기잡이까지",
http://tong.visitkorea.or.kr/cms/resource/21/1589321_image2_1.jpg,127.1884128,37.47667957,조선시대와 근대사를 두루 만나는 역사기행,
http://tong.visitkorea.or.kr/cms/resource/55/1568355_image2_1.jpg,126.9919888,37.58095837,조선의 왕들이 지극히 아끼던 공간,
http://tong.visitkorea.or.kr/cms/resource/58/689058_image2_1.jpg,128.5800894,36.92541888,조용한 영주의 서원과 고찰을 찾아서,
http://tong.visitkorea.or.kr/cms/resource/59/1960759_image2_1.jpg,128.4935626,38.16649883,"족욕공원, 산책로, 설악산을 품에 안다.",
http://tong.visitkorea.or.kr/cms/resource/73/1593473_image2_1.jpg,126.813915,37.32576537,좋은 사람이랑 맛있는 음식과 즐거운 산책길을 걷자,
http://tong.visitkorea.or.kr/cms/resource/60/1236760_image2_1.jpg,129.0268918,36.43635822,주왕산과 달기약수탕으로 즐기는 청송 힐링여행,
http://tong.visitkorea.or.kr/cms/resource/08/1238208_image2_1.jpg,129.1435078,36.39223768,주왕산을 중심으로 청송의 자연 속에서,
http://tong.visitkorea.or.kr/cms/resource/94/181594_image2_1.jpg,128.2613154,37.29792837,,
http://tong.visitkorea.or.kr/cms/resource/18/483818_image2_1.jpg,128.5325405,37.12969453,,
http://tong.visitkorea.or.kr/cms/resource/68/799668_image2_1.jpg,127.7196437,35.5255626,지리산 자락에서 즐기는 캠핑여행,
http://tong.visitkorea.or.kr/cms/resource/73/1954573_image2_1.jpg,127.649777,35.23308329,지리산과 섬진강에 기댄 명당에서 쉬다.,
http://tong.visitkorea.or.kr/cms/resource/34/1198634_image2_1.jpg,127.4905046,35.24231558,지리산에 깃든 산사의 매력을 느껴보다,
http://tong.visitkorea.or.kr/cms/resource/37/799637_image2_1.jpg,127.7196437,35.5255626,지리산의 깊은 산자락 속에 세상 시름을 묻다,
http://tong.visitkorea.or.kr/cms/resource/08/182108_image2_1.jpg,128.540927,38.19003312,지친 몸과 마음을 치유하는 시간,
http://tong.visitkorea.or.kr/cms/resource/77/1603977_image2_1.jpg,126.9866707,35.81020919,,
http://tong.visitkorea.or.kr/cms/resource/33/190333_image2_1.jpg,126.354819,34.43501232,진도 신비의 바닷길을 따라 모세의 기적을 체험하다,
http://tong.visitkorea.or.kr/cms/resource/12/1605112_image2_1.jpg,127.2870872,36.06632968,진정한 마음자리를 찾아가는 완주 사찰 기행,
http://tong.visitkorea.or.kr/cms/resource/55/1950055_image2_1.jpg,128.0410191,35.17602438,진주의 축제 코스,
http://tong.visitkorea.or.kr/cms/resource/82/1329682_image2_1.jpg,127.3754527,36.84029536,진천의 문화유산을 찾아 떠나다,
http://tong.visitkorea.or.kr/cms/resource/15/1363015_image2_1.jpg,128.1684232,38.05999665,짜릿한 모험레포츠를 즐기자.,
http://tong.visitkorea.or.kr/cms/resource/37/1842037_image2_1.jpg,127.6966103,37.69604953,짜릿한 즐거움을 선사하는 가족여행,
http://tong.visitkorea.or.kr/cms/resource/74/2040874_image2_1.jpg,126.7395895,37.28557983,,
http://tong.visitkorea.or.kr/cms/resource/04/2486104_image2_1.jpg,128.7552591,35.49213504,,
http://tong.visitkorea.or.kr/cms/resource/29/1611229_image2_1.jpg,128.877308,35.24458177,찬란한 가야문화의 심장부 ‘김해’로 출발!,
http://tong.visitkorea.or.kr/cms/resource/84/1619484_image2_1.jpg,128.4160844,35.55391076,창녕을 빛내는 원시자연과 문화유산과의 조우,
http://tong.visitkorea.or.kr/cms/resource/97/1803897_image2_1.jpg,128.413243,35.55385238,,
http://tong.visitkorea.or.kr/cms/resource/50/2040450_image2_1.jpg,126.6866798,37.70834364,책과 함께하는 특별한 체험여행,
http://tong.visitkorea.or.kr/cms/resource/27/1330027_image2_1.jpg,127.3408641,36.8400281,천 년의 역사를 간직한 다리를 건너다,
http://tong.visitkorea.or.kr/cms/resource/49/202649_image2_1.jpg,129.2202506,35.83055555,,
http://tong.visitkorea.or.kr/cms/resource/43/898543_image2_1.jpg,127.1474699,35.82440758,천년전주마실길을 걷다,
http://tong.visitkorea.or.kr/cms/resource/12/2366312_image2_1.jpg,126.3819704,36.62090876,천수만 철새도래지에서 자유로운 나를 찾아 떠나다.,
http://tong.visitkorea.or.kr/cms/resource/10/1784710_image2_1.jpg,127.1633177,36.78672829,,
http://tong.visitkorea.or.kr/cms/resource/49/2026149_image2_1.jpg,128.106486,37.16647118,천주교와 위정척사 정신이 마주한 제천,
http://tong.visitkorea.or.kr/cms/resource/45/1588045_image2_1.jpg,129.2798871,35.43287922,,
http://tong.visitkorea.or.kr/cms/resource/53/750253_image2_1.jpg,128.912371,35.26541619,,
http://tong.visitkorea.or.kr/cms/resource/40/1570340_image2_1.jpg,126.9786237,37.56915672,청계천을 돌아 경복궁에서 인사동까지,
http://tong.visitkorea.or.kr/cms/resource/64/1140664_image2_1.jpg,128.720556,35.71353999,청도반시의 고장에서 즐기는 힐링체험,
http://tong.visitkorea.or.kr/cms/resource/32/1602932_image2_1.jpg,126.7044055,35.43032809,,
http://tong.visitkorea.or.kr/cms/resource/83/221683_image2_1.jpg,128.9186077,36.78942977,,
http://tong.visitkorea.or.kr/cms/resource/96/221696_image2_1.jpg,128.8939044,36.7880489,청량산에서 안동 퇴계의 오솔길을 거닐다,
http://tong.visitkorea.or.kr/cms/resource/61/2033861_image2_1.jpg,127.5342226,38.06203447,청량하고 달콤한 공기를 맘껏 호흡하다.,
http://tong.visitkorea.or.kr/cms/resource/31/1162331_image2_1.jpg,129.1193955,36.50557988,청송의 송소고택과 주산지를 보다,
http://tong.visitkorea.or.kr/cms/resource/55/1568155_image2_1.jpg,126.976857,37.57563649,청와대 앞 코스 돌아보기,
http://tong.visitkorea.or.kr/cms/resource/19/1292219_image2_1.jpg,127.8943963,34.7279804,청정 남해안의 비경을 찾아서,
http://tong.visitkorea.or.kr/cms/resource/56/1937756_image2_1.jpg,126.8421099,36.39650637,,
http://tong.visitkorea.or.kr/cms/resource/51/1821051_image2_1.jpg,128.2105597,37.17318901,청풍명월의 풍경 속으로 풍덩!,
http://tong.visitkorea.or.kr/cms/resource/97/1895597_image2_1.jpg,126.6593352,36.6890668,체험이 있는 풍경 길을 가다,
http://tong.visitkorea.or.kr/cms/resource/49/1757949_image2_1.JPG,128.4182317,35.54453686,최고 수온 78도씨 피부 질환에 좋은 유황 성분 가득,
http://tong.visitkorea.or.kr/cms/resource/37/2483137_image2_1.jpg,126.7723468,34.5287531,,
http://tong.visitkorea.or.kr/cms/resource/08/1962108_image2_1.jpg,127.5194206,36.01693941,충남 금산 약초 인삼 쇼핑코스,
http://tong.visitkorea.or.kr/cms/resource/71/1495571_image2_1.jpg,127.0165858,36.70865968,충남 아산시 웰빙코스,
http://tong.visitkorea.or.kr/cms/resource/29/1449529_image2_1.jpg,126.4710062,36.53798372,,
http://tong.visitkorea.or.kr/cms/resource/43/1908643_image2_1.jpg,126.4528483,37.0029631,충남의 자연에 풍덩 빠져 즐기다,
http://tong.visitkorea.or.kr/cms/resource/22/689422_image2_1.jpg,128.3411256,36.89512342,충북 단양 팔경을 찾아 떠나요,
http://tong.visitkorea.or.kr/cms/resource/73/2050573_image2_1.jpg,127.8481798,37.02837952,충주 토속 움식과 향기로운 청명주를 찾아,
http://tong.visitkorea.or.kr/cms/resource/19/2370719_image2_1.jpg,127.8484878,37.04037537,충주호 푸른 물결 위로 달리는 ‘이야기’,
http://tong.visitkorea.or.kr/cms/resource/76/1053876_image2_1.jpg,128.5895146,36.01979179,칠곡의 자연과 어우러져,
http://tong.visitkorea.or.kr/cms/resource/32/1969532_image2_1.jpg,126.6196691,34.50369783,칼바람 잊게 하는 힐링 천국,
http://tong.visitkorea.or.kr/cms/resource/13/2394013_image2_1.jpg,127.6868312,35.05254871,캠핑 레포츠하기 좋은 백학동 마을 코스 [웰촌],
http://tong.visitkorea.or.kr/cms/resource/82/1858582_image2_1.jpg,126.2902774,36.67255124,,
http://tong.visitkorea.or.kr/cms/resource/58/1731558_image2_1.jpg,127.8334921,36.54278778,,
http://tong.visitkorea.or.kr/cms/resource/10/1913910_image2_1.jpg,126.7075252,37.70437503,,
http://tong.visitkorea.or.kr/cms/resource/98/1248598_image2_1.jpg,127.6587084,36.01012321,태고의 정적이 감도는 무주 역사 유적지를 찾아서,
http://tong.visitkorea.or.kr/cms/resource/79/1583579_image2_1.jpg,128.95117,37.11974811,태백산을 마주보고 걷다,
http://tong.visitkorea.or.kr/cms/resource/68/2005768_image2_1.jpg,126.9673551,37.57567521,,
http://tong.visitkorea.or.kr/cms/resource/61/179561_image2_1.jpg,129.1923942,35.84533391,,
http://tong.visitkorea.or.kr/cms/resource/47/755147_image2_1.jpg,126.5940759,37.75326454,통일을 꿈꾸는 김포 문화역사 탐방,
http://tong.visitkorea.or.kr/cms/resource/87/1080787_image2_1.jpg,127.6494765,37.09068537,특별한 테마 가득한 이색 체험여행,
http://tong.visitkorea.or.kr/cms/resource/38/1913938_image2_1.jpg,126.7240265,37.80234724,,
http://tong.visitkorea.or.kr/cms/resource/57/2364857_image2_1.jpg,126.6874825,37.70888526,파주의 동화 속 세상을 찾아서,
http://tong.visitkorea.or.kr/cms/resource/85/1536885_image2_1.jpg,128.1288146,37.25707226,판화의 오묘한 세상 속으로 들다.,
http://tong.visitkorea.or.kr/cms/resource/79/1022779_image2_1.jpg,128.7009674,35.96561389,팔공산 구석구석 숨은 매력 속으로,
http://tong.visitkorea.or.kr/cms/resource/76/1053876_image2_1.jpg,128.5895146,36.01979179,팔공산 도립공원의 가산을 오르다,
http://tong.visitkorea.or.kr/cms/resource/59/655759_image2_1.jpg,128.7786861,35.94517598,팔공산 자락 부처의 자비를 만나다,
http://tong.visitkorea.or.kr/cms/resource/68/676368_image2_1.jpg,126.7203752,35.02941259,평야 넒은 호남땅의 나주로 마실가자!,
http://tong.visitkorea.or.kr/cms/resource/10/1615310_image2_1.jpg,129.3526611,35.92945522,포항의 절경을 찾아 떠나자!,
http://tong.visitkorea.or.kr/cms/resource/96/1593396_image2_1.jpg,128.6906372,34.86693177,푸른 바다에 펼쳐진 거제 해상 역사를 찾아,
http://tong.visitkorea.or.kr/cms/resource/44/196644_image2_1.jpg,126.5574078,35.41838531,,
http://tong.visitkorea.or.kr/cms/resource/23/217023_image2_1.jpg,126.6629339,34.99415173,,
http://tong.visitkorea.or.kr/cms/resource/88/1023788_image2_1.jpg,126.7027306,35.43241671,,
http://tong.visitkorea.or.kr/cms/resource/70/847870_image2_1.jpg,128.0956247,36.81833322,피로야 가라! 온천에서 즐기는 휴식 여행,
http://tong.visitkorea.or.kr/cms/resource/43/1271443_image2_1.jpg,127.649777,35.23308329,하동의 차문화와 아름다운 청산을 돌아보며...,
http://tong.visitkorea.or.kr/cms/resource/48/594248_image2_1.jpg,130.8990522,37.48510645,하루 만에 다녀오는 울릉도 한바퀴!,
http://tong.visitkorea.or.kr/cms/resource/80/1589680_image2_1.jpg,127.2281695,37.01121747,하루 만에 둘러보는 ‘안성’맞춤 여행,
http://tong.visitkorea.or.kr/cms/resource/23/220623_image2_1.jpg,126.821724,34.71669394,하멜의 표류기에 등장하는 강진 병영성과 바다낚시 여행,
http://tong.visitkorea.or.kr/cms/resource/23/220623_image2_1.jpg,126.821724,34.71669394,,
http://tong.visitkorea.or.kr/cms/resource/26/2033326_image2_1.jpg,128.0498676,37.39950434,학곡마을 섬강매향골칠봉마을 가족여행 [웰촌],
http://tong.visitkorea.or.kr/cms/resource/02/2026102_image2_1.jpg,126.8484961,36.68271527,,
http://tong.visitkorea.or.kr/cms/resource/44/1144544_image2_1.jpg,128.9804564,35.58033482,"한 여름에도 시원한 얼음골, 밀양 여행",
http://tong.visitkorea.or.kr/cms/resource/00/1836000_image2_1.jpg,127.3021525,37.57120677,,
http://tong.visitkorea.or.kr/cms/resource/48/1403048_image2_1.jpg,128.2962961,36.01670619,한개마을에서 즐기는 고즈넉한 시간,
http://tong.visitkorea.or.kr/cms/resource/06/182106_image2_1.jpg,128.4060476,38.09755517,,
http://tong.visitkorea.or.kr/cms/resource/95/1598695_image2_1.jpg,127.492395,36.12998438,"한국의 명약, 인삼을 즐기다",
http://tong.visitkorea.or.kr/cms/resource/55/213055_image2_1.jpg,128.6247344,34.87532409,,
http://tong.visitkorea.or.kr/cms/resource/41/657141_image2_1.jpg,127.2876943,38.18614042,,
http://tong.visitkorea.or.kr/cms/resource/69/1205469_image2_1.jpg,126.4920099,33.46970262,,
http://tong.visitkorea.or.kr/cms/resource/41/751241_image2_1.jpg,128.5498197,34.6258867,한려해상 국립공원의 풍경을 담다,
http://tong.visitkorea.or.kr/cms/resource/63/749563_image2_1.jpg,128.6644789,34.74143142,,
http://tong.visitkorea.or.kr/cms/resource/53/1929553_image2_1.jpg,127.9364785,35.27419481,한방약초와 동의보감의 고장 산청에서 힐링을!,
http://tong.visitkorea.or.kr/cms/resource/28/1611428_image2_1.jpg,127.8313514,35.49202115,,
http://tong.visitkorea.or.kr/cms/resource/56/1608456_image2_1.jpg,127.3357568,34.48423139,"한센병 환자의 슬픔을 간직한 섬, 소록도",
http://tong.visitkorea.or.kr/cms/resource/72/1567972_image2_1.jpg,126.9876206,37.55163947,한양도성 남산 도시 숲부터 남대문 시장까지,
http://tong.visitkorea.or.kr/cms/resource/12/1868112_image2_1.jpg,126.9805282,37.60179185,한양도성 안 궁궐과 학교이야기,
http://tong.visitkorea.or.kr/cms/resource/81/1569281_image2_1.jpg,126.9855424,37.57455344,한양의 500년 도읍을 거닐다,
http://tong.visitkorea.or.kr/cms/resource/54/1809854_image2_1.jpg,126.5933169,35.03296008,,
http://tong.visitkorea.or.kr/cms/resource/49/1929649_image2_1.jpg,126.6225205,34.55125643,해남 땅끝에서 1박 2일 코스,
http://tong.visitkorea.or.kr/cms/resource/05/1870705_image2_1.jpg,126.5230502,36.16398031,해송숲에서 즐기는 캠핑여행,
http://tong.visitkorea.or.kr/cms/resource/18/1385518_image2_1.jpg,126.600978,37.4549244,해수욕장과 절경 산책로를 품은 ‘보물섬’,
http://tong.visitkorea.or.kr/cms/resource/22/1608322_image2_1.jpg,126.3454664,35.15789463,해안 따라 보물이 가득한 무안 낙지길을 걷자.,
http://tong.visitkorea.or.kr/cms/resource/43/1589643_image2_1.jpg,126.8343726,37.28608145,"해양과학 체험부터 어촌 체험까지, 바다를 만나는 체험여행",
http://tong.visitkorea.or.kr/cms/resource/87/200287_image2_1.jpg,129.152256,35.151975,,
http://tong.visitkorea.or.kr/cms/resource/81/214181_image2_1.jpg,128.0987584,35.80160478,해인사와 팔만대장경을 만나는 여행,
http://tong.visitkorea.or.kr/cms/resource/50/1583450_image2_1.jpg,128.6645128,37.38042095,향긋한 봄을 먹다.,
http://tong.visitkorea.or.kr/cms/resource/56/1593656_image2_1.jpg,127.0056007,37.21176532,,
http://tong.visitkorea.or.kr/cms/resource/85/592185_image2_1.jpg,128.0045304,36.1157424,,
http://tong.visitkorea.or.kr/cms/resource/47/1579047_image2_1.jpg,126.5138817,37.70931825,호국돈대길의 풍광 좋은 바다를 걸어보자,
http://tong.visitkorea.or.kr/cms/resource/74/824574_image2_1.jpg,127.0002466,35.18609685,호남지역의 유적지 돌아보기,
http://tong.visitkorea.or.kr/cms/resource/41/682341_image2_1.jpg,129.5666575,36.07694265,호미곶에 해맞으러 가자,
http://tong.visitkorea.or.kr/cms/resource/02/1977602_image2_1.jpg,128.8850778,37.78655887,호수에서 즐기는 벚꽃 산책,
http://tong.visitkorea.or.kr/cms/resource/02/1959902_image2_1.JPG,127.5288199,35.5919184,"호젓해서, 너무 호젓해서 좋은",
http://tong.visitkorea.or.kr/cms/resource/21/755321_image2_1.jpg,126.9209554,37.41897313,혼자 걷는 것이 어색하지 않은 도심 속 산책,
http://tong.visitkorea.or.kr/cms/resource/79/2017879_image2_1.jpg,126.9557285,37.57296698,혼자만의 시간이 필요할 때 떠나는 도심 속 나홀로 여행,
http://tong.visitkorea.or.kr/cms/resource/60/709060_image2_1.jpg,127.6239776,35.18796848,"화개장터, 최참판댁부터 삼성궁까지 하동의 명물을 만나는 길",
http://tong.visitkorea.or.kr/cms/resource/88/1320488_image2_1.jpg,127.6480636,35.2181155,화개천을 따라 화사한 벚꽃과 그윽한 차향을 만나다,
http://tong.visitkorea.or.kr/cms/resource/01/1963001_image2_1.jpg,126.7134771,33.45758528,,
http://tong.visitkorea.or.kr/cms/resource/83/197383_image2_1.jpg,126.3132472,33.24021128,,
http://tong.visitkorea.or.kr/cms/resource/20/1910420_image2_1.jpg,127.8023577,36.67874663,화양구곡 맑은 물에 시 한수를 읊으며 청록을 즐기다. [웰촌],
http://tong.visitkorea.or.kr/cms/resource/05/772305_image2_1.jpg,127.6247871,38.13565813,화천에서 산천어랑 놀자!,
http://tong.visitkorea.or.kr/cms/resource/90/1075590_image2_1.jpg,129.2549232,35.99988152,,
http://tong.visitkorea.or.kr/cms/resource/81/2380881_image2_1.JPG,127.4394638,34.62142892,휴(休)가 있는 천혜자연경관과 전통한옥체험 [웰촌],
http://tong.visitkorea.or.kr/cms/resource/81/592281_image2_1.jpg,128.0028416,36.11515633,흥미진진 이야기 속 김천여행,
http://tong.visitkorea.or.kr/cms/resource/01/1272801_image2_1.jpg,128.6593264,35.16336746,흩날리는 벚꽃을 만끽하다,
http://tong.visitkorea.or.kr/cms/resource/39/2006639_image2_1.jpg,127.275563,35.00219727,흰 구름 깔아놓은 듯 황홀한 벚꽃의 자태,
http://tong.visitkorea.or.kr/cms/resource/68/1092668_image2_1.jpg,127.3862702,36.36863023,"힐링의 명소, 황톳길을 걸어보다",
http://tong.visitkorea.or.kr/cms/resource/77/1583977_image2_1.jpg,127.8186624,37.52903505,,
http://tong.visitkorea.or.kr/cms/resource/11/2369311_image2_1.jpg,127.1286317,38.07037048,,
http://tong.visitkorea.or.kr/cms/resource/85/2375485_image2_1.jpg,126.7297844,37.8967891,'태양의 후예' 촬영지 여행 코스,
http://tong.visitkorea.or.kr/cms/resource/56/2514856_image2_1.JPG,128.3632912,38.25323621,,
2.01711E+13,http://tong.visitkorea.or.kr/cms/resource/16/175016_image3_1.jpg,128.5001538,"(고성) 숨은 영화 촬영지가 궁금할 때, 고성 무비 로드",24746
http://tong.visitkorea.or.kr/cms/resource/13/1581413_image2_1.jpg,128.5340071,38.3140491,,
http://tong.visitkorea.or.kr/cms/resource/20/529720_image2_1.jpg,128.4357441,38.48129711,,
http://tong.visitkorea.or.kr/cms/resource/99/1204599_image2_1.jpg,128.5021911,35.54088047,"1,500년 전 가야시대 소녀를 만나러 가다",
http://tong.visitkorea.or.kr/cms/resource/42/188442_image2_1.jpg,129.2754124,36.12011274,12폭포 따라 즐기는 계곡트래킹,
http://tong.visitkorea.or.kr/cms/resource/55/1971355_image2_1.jpg,126.7118267,35.99060891,1930년대로 떠나는 군산시간여행,
http://tong.visitkorea.or.kr/cms/resource/54/1614854_image2_1.jpg,128.6213025,36.73160575,2천년의 역사를 간직한 오래된 옛길을 걷다,
http://tong.visitkorea.or.kr/cms/resource/62/780962_image2_1.jpg,127.7488307,35.28820381,3대의 덕을 쌓아 천왕봉 일출 보러가자,
http://tong.visitkorea.or.kr/cms/resource/00/2025300_image2_1.JPG,126.6042685,36.77349223,300년의 시간을 오감으로 느끼는 하룻밤,
http://tong.visitkorea.or.kr/cms/resource/92/1179692_image2_1.jpg,128.6950318,37.76284959,365일 색다른 재미가 넘치는 대관령,
http://tong.visitkorea.or.kr/cms/resource/93/2031793_image2_1.jpg,127.1689595,37.7506335,"5월, 아름다운 신록을 만나다.",
http://tong.visitkorea.or.kr/cms/resource/86/566686_image2_1.jpg,126.9392785,35.23575687,,
http://tong.visitkorea.or.kr/cms/resource/49/2357849_image2_1.JPG,128.4040977,36.01776638,,
http://tong.visitkorea.or.kr/cms/resource/77/1024377_image2_1.jpg,126.9863811,37.57906404,600년 역사의 재미난 스토리가 흐르는 골목,
http://tong.visitkorea.or.kr/cms/resource/04/1820904_image2_1.jpg,128.6761974,34.73714044,700리 해안의 풍광을 따라 달리는 지상 최고의 드라이브,
http://tong.visitkorea.or.kr/cms/resource/98/1949198_image2_1.jpg,128.5549628,36.58087451,800년을 이어온 신명 나는 탈판,
http://tong.visitkorea.or.kr/cms/resource/68/1927068_image2_1.jpg,127.6482283,37.51533626,,
http://tong.visitkorea.or.kr/cms/resource/33/1927233_image2_1.jpg,128.1767058,37.02984377,,
http://tong.visitkorea.or.kr/cms/resource/46/1927046_image2_1.jpg,129.0393382,36.52313469,,
128.5961071,6,2.01609E+13,,
128.7746823,7,2.01609E+13,,
127.0122665,2.01609E+13,6295,,
129.1371063,3,2.01609E+13,,
126.9937771,2.01709E+13,4830,,
128.5571409,4,2.01609E+13,,
126.2459247,6,2.01609E+13,,
127.5474187,6,2.01609E+13,,
128.1056626,7,2.01705E+13,,
128.3837325,2.01609E+13,2846,,
127.1176647,6,2.01702E+13,,
127.2500808,4,2.01609E+13,,
127.3348124,4,2.01609E+13,,
127.7367486,4,2.01609E+13,,
127.4235583,6,2.01709E+13,,
126.8452971,2.01711E+13,634,,
127.8400771,4,2.01709E+13,,
126.6515891,2.01711E+13,609,,
127.0692283,2.01801E+13,1675,,
127.3355089,4,2.01609E+13,,
129.0281461,4,2.01609E+13,,
128.6838718,6,2.01609E+13,,
129.2308555,7,2.01609E+13,,
127.0069353,6,2.01609E+13,,
127.6038995,6,2.01609E+13,,
128.7123563,6,2.01609E+13,,
127.2092056,6,2.01609E+13,,
128.456639,2.01711E+13,1035,,
128.5549628,7,2.01609E+13,,
127.4849694,6,2.01709E+13,,
126.4396407,2.01609E+13,4387,,
126.8446232,4,2.01709E+13,,
129.2704176,6,2.01609E+13,,
126.6999035,2.01711E+13,634,,
127.8997054,3,2.01609E+13,,
128.2613384,6,2.01609E+13,,
127.2160877,7,2.01705E+13,,
127.2268233,7,2.01609E+13,,
127.4915415,6,2.01609E+13,,
129.0405544,6,2.01609E+13,,
128.5877717,4,2.01709E+13,,
127.4234055,2.01711E+13,654,,
128.5109744,2.01609E+13,3272,,
126.7470562,2.01711E+13,784,,
128.4243304,6,2.01705E+13,,
129.0368537,6,2.01609E+13,,
127.0693157,2.01609E+13,4459,,
128.730518,4,2.01609E+13,,
126.6165583,2.01709E+13,2975,,
128.8085428,2.01711E+13,680,,
127.3819549,6,2.01609E+13,,
127.4918473,2.01702E+13,4015,,
127.2268233,7,2.01609E+13,,
127.7670431,6,2.01609E+13,,
126.9834124,2.01609E+13,3194,,
126.7286377,2.01609E+13,5008,,
127.6091352,6,2.01609E+13,,
34.76268905,2.01707E+13,6960,,
128.9887959,6,2.01804E+13,,
128.7623376,4,2.01709E+13,,
127.0673164,4,2.01709E+13,,
127.0494329,4,2.01709E+13,,
126.6989186,2.01712E+13,459,,
128.3225619,2.01609E+13,4756,,
129.2704176,6,2.01609E+13,,
129.0136259,4,2.01705E+13,,
127.0301644,6,2.01609E+13,,
129.1596572,2.01609E+13,5656,,
127.3924058,2.01609E+13,4519,,
127.9273164,2.01609E+13,3018,,
128.1600259,2.01711E+13,773,,
127.8993853,4,2.01609E+13,,
127.6455289,2.01802E+13,4458,,
126.6979742,2.01711E+13,1427,,
126.7470062,4,2.01609E+13,,
126.5173141,4,2.01609E+13,,
126.5488418,7,2.01609E+13,,
126.9916579,6,2.01609E+13,,
128.3264042,4,2.01709E+13,,
127.4722188,2,2.01609E+13,,
128.5195366,2.01709E+13,4045,,
127.33714,4,2.01609E+13,,
127.3384058,6,2.01609E+13,,
127.0481644,7,2.01609E+13,,
126.9149782,5,2.01609E+13,,
127.4466741,2.01711E+13,726,,
128.8432832,6,2.0171E+13,,
128.3216148,6,2.01609E+13,,
126.4131273,2.01705E+13,4660,,
127.0321512,4,2.01709E+13,,
126.9157338,6,2.01702E+13,,
127.7600352,2.01609E+13,3039,,
126.6042685,7,2.01802E+13,,
127.1014233,2.01711E+13,943,,
127.8472596,2.01609E+13,2112,,
128.9096751,2.01609E+13,3474,,
129.0368537,4,2.01709E+13,,
126.6997765,7,2.01609E+13,,
128.4570839,7,2.01609E+13,,
126.625818,2.01609E+13,2426,,
128.768585,2.01711E+13,577,,
127.4150291,2.01709E+13,3862,,
127.0370542,7,2.01609E+13,,
128.7369031,4,2.0171E+13,,
129.0333817,4,2.01609E+13,,
127.1319032,6,2.01709E+13,,
127.2970977,6,2.01707E+13,,
126.4512954,2.01712E+13,2230,,
127.5142988,5,2.01609E+13,,
129.3839751,6,2.01609E+13,,
126.9211516,5,2.01705E+13,,
127.3354889,4,2.01709E+13,,
128.7231131,2,2.01705E+13,,
129.0391502,2.01609E+13,5520,,
127.872026,2.01609E+13,3698,,
127.9077895,2.01609E+13,2889,,
126.4935202,2.01802E+13,1349,,
126.0917157,6,2.01609E+13,,
128.6052471,2.01609E+13,3085,,
127.3518709,5,2.01709E+13,,
128.1710349,2.01805E+13,4334,,
128.4000811,2.01609E+13,3140,,
127.8640536,2.01609E+13,2983,,
25,128.5165466,38.16760193,저마다 가을 색을 뽐내는 속초로 떠나는 여행 [웰촌],24903
127.4056104,2.01709E+13,2403,,
126.6074127,6,2.01702E+13,,
129.3831287,5,2.01609E+13,,
127.9941243,2.01609E+13,2681,,
125.1125145,9,2.01609E+13,,
127.0809682,2.01609E+13,2542,,
129.076233,6,2.01609E+13,,
128.0802764,7,2.01609E+13,,
126.4237865,2.01802E+13,4742,,
126.5488418,7,2.01609E+13,,
128.73213,6,2.01707E+13,,
127.6689128,7,2.01709E+13,,
127.4763342,4,2.01709E+13,,
127.4603202,4,2.01609E+13,,
127.9938354,2.01711E+13,659,,
126.730099,6,2.01609E+13,,
126.7927615,2.01609E+13,3726,,
127.9300212,2.01709E+13,2915,,
128.0044889,6,2.01609E+13,,
2.01407E+13,36.3238523,2.01609E+13,,
126.8841144,2.01609E+13,58880,,
127.3397959,7,2.01804E+13,,
126.2999657,2.01705E+13,4894,,
127.777927,6,2.01609E+13,,
128.9731503,7,2.01609E+13,,
37.5463725,2.01707E+13,4123,,
127.2722952,6,2.0171E+13,,
127.1040701,2.01705E+13,7421,,
128.0956247,7,2.01709E+13,,
128.6694768,6,2.01609E+13,,
126.9143308,2.01712E+13,2717,,
127.0047356,2.01711E+13,1053,,
127.6693818,2.01609E+13,5660,,
128.0606358,2.01712E+13,654,,
127.7141477,2.01805E+13,2600,,
126.9536333,3,2.01609E+13,,
127.7026893,6,2.01707E+13,,
128.8451594,2.01711E+13,1008,,
128.4166337,2.01711E+13,895,,
128.5151453,2.01711E+13,565,,
128.4965582,2.01711E+13,664,,
128.3582024,2.01711E+13,508,,
128.5925087,2.01711E+13,1276,,
127.8640536,2.01609E+13,2532,,
128.2163379,2.01609E+13,4533,,
127.3925642,2.01609E+13,4496,,
